image_id,predicted_id
head_000001.jpg,8c3be170-b41e-411e-9940-1f5960cfa850
head_000002.jpg,e217374d-17e1-4fa2-b4aa-868033edc1ed
head_000003.jpg,310eb8ee-7097-4ea5-b91e-31ce40b9685c
head_000004.jpg,0de12031-f35f-41d5-aced-5ea6ba6e1236
head_000005.jpg,7153eda6-946a-4e9d-9c3d-c5c034cbc5e3
head_000006.jpg,3772d75f-1801-4307-a18f-5fbcc1c10897
head_000007.jpg,248353ce-530e-4dea-97c7-31f6029b2088
head_000008.jpg,9aeef74b-58bf-4133-abd3-e611b7ba11f7
head_000009.jpg,ccf6e18f-f6bb-4cd7-8166-31a1a8cce2ce
head_000010.jpg,280baaed-937b-4984-b7af-3ab6cefd61f9
head_000011.jpg,e217374d-17e1-4fa2-b4aa-868033edc1ed
head_000012.jpg,89d1463d-4e1c-4edd-88a1-19f30914d459
head_000013.jpg,d548ac7d-62f0-48cb-a8eb-4b7e0a5191b4
head_000014.jpg,eeed33f6-863c-49df-a1e3-1f711738b244
head_000015.jpg,ace33278-b65f-43d4-9c12-530e420ddef5
head_000016.jpg,7b9a9e8d-86d5-4c6c-8b10-8a129f8a10c4
head_000017.jpg,e217374d-17e1-4fa2-b4aa-868033edc1ed
head_000018.jpg,f5536888-9190-4314-a13f-7ca19b1f07a9
head_000019.jpg,34365bcc-5b2d-4f80-b721-ef7039e64fe8
head_000020.jpg,ecda2205-db0b-4160-a40f-b6825fb43770
head_000021.jpg,6e8d3aef-1f16-4b06-a5d4-9cf11fd29530
head_000022.jpg,7b38f393-27e8-45e1-9769-fa9af9f591f9
head_000023.jpg,3772d75f-1801-4307-a18f-5fbcc1c10897
head_000024.jpg,66f06e87-bcea-487d-b5c6-6e5cbfb52ce4
head_000025.jpg,c755133f-a088-47fb-be84-0c36422a9901
head_000026.jpg,60b9e2bb-87ef-4b1d-923c-f0585a74d0b7
head_000027.jpg,5b3f1cd0-8656-4803-b85a-ac405603f434
head_000028.jpg,f4a2038b-8da9-451e-ae71-80cb90cb07b3
head_000029.jpg,f83057a7-a975-4900-a056-99f453bdf15f
head_000030.jpg,18d82d10-7fdf-4306-9fe7-73a7f6152e53
head_000031.jpg,7b38f393-27e8-45e1-9769-fa9af9f591f9
head_000032.jpg,8e52a7f7-8046-4567-b92a-e5941b184745
head_000033.jpg,249a4d40-2256-444e-a4d5-68209d8d134d
head_000034.jpg,c755133f-a088-47fb-be84-0c36422a9901
head_000035.jpg,e0233424-00dc-4c88-9e76-5741a76d5781
head_000036.jpg,42779875-0894-4e77-99f4-da82f72a17fa
head_000037.jpg,d548ac7d-62f0-48cb-a8eb-4b7e0a5191b4
head_000038.jpg,d7cd8e39-12e4-40a8-b2f7-7c24f291d2aa
head_000039.jpg,5c6bdd77-0364-48e8-8022-591ca47f076e
head_000040.jpg,e7d7fd1f-5a2d-4073-ac1f-59f6268ba8de
head_000041.jpg,d7cd8e39-12e4-40a8-b2f7-7c24f291d2aa
head_000042.jpg,4004afe6-b476-475e-867c-8d3b17e378c6
head_000043.jpg,e1cb11c3-48d4-474d-9881-affe8b0d02d5
head_000044.jpg,126523de-9fe0-4630-8fb3-256a723adb4a
head_000045.jpg,c1593d0b-5f78-4f62-8304-932d7fbcc9fe
head_000046.jpg,8e9cd5f5-095b-4295-8bbc-a3a67cffd935
head_000047.jpg,d8653bff-a5e8-4b3a-bffd-a861abad29bf
head_000048.jpg,6810b958-c4ad-4c34-9590-94b819ff444b
head_000049.jpg,7e67fb5a-4323-46b1-9686-68f84d2ee169
head_000050.jpg,6e8d3aef-1f16-4b06-a5d4-9cf11fd29530
head_000051.jpg,a06366b7-a0e0-471e-9595-8eb50b6d499f
head_000052.jpg,66a99503-a6e9-47cd-b28a-ac543d20f110
head_000053.jpg,0a5cd6a9-b021-4725-acca-6d5b257d2e67
head_000054.jpg,02e5fbda-3d57-4b0a-be41-2b151ac1ff30
head_000055.jpg,fd56348b-a8c7-4635-800f-bf5f8c3dd4a0
head_000056.jpg,1ec97520-1eae-4b9e-9f5c-1f181a8daf3a
head_000057.jpg,477d721a-6027-42a5-a2d7-94dc7e550fcc
head_000058.jpg,5c6bdd77-0364-48e8-8022-591ca47f076e
head_000059.jpg,48a2a80a-436d-4af1-b67a-8084c52f60d4
head_000060.jpg,8c5534ba-2153-455d-b8e5-468a1c35b511
head_000061.jpg,fb14f620-2472-467f-a38d-b2d0a2b8081c
head_000062.jpg,67006b29-4adc-41dc-9b30-39a94363a81a
head_000063.jpg,c3835fcb-41e1-4d3a-877c-ca359a7c4e74
head_000064.jpg,ace33278-b65f-43d4-9c12-530e420ddef5
head_000065.jpg,84040874-ad2a-4c44-9f3d-50d044367062
head_000066.jpg,238a48f4-e86d-42d8-a18a-ae526e48f5c4
head_000067.jpg,5fdac45d-b5e7-4133-a8f4-05b28552990c
head_000068.jpg,b5c37454-cf12-49c5-96c0-aff806c293c2
head_000069.jpg,f1aa3589-f203-4455-a293-86f392932895
head_000070.jpg,02e5fbda-3d57-4b0a-be41-2b151ac1ff30
head_000071.jpg,73f670e9-5ee3-49f3-8db2-3ea557a428b8
head_000072.jpg,4b3d02b4-f522-464b-ab0e-79e1089c5b57
head_000073.jpg,fee1977a-deac-4eb4-a1ba-5a5f669a9817
head_000074.jpg,5714276c-6415-4eae-980b-1e4b923847b2
head_000075.jpg,9003c31f-6d6f-4ad9-b535-4e5c5698659b
head_000076.jpg,844640ea-498e-4d2e-a578-3783c217fb3c
head_000077.jpg,c7fc642b-3a46-4bda-ac76-abcbffdf2260
head_000078.jpg,fd56348b-a8c7-4635-800f-bf5f8c3dd4a0
head_000079.jpg,b422e55f-0afc-4b34-922e-9da329a2f53e
head_000080.jpg,c755133f-a088-47fb-be84-0c36422a9901
head_000081.jpg,02e5fbda-3d57-4b0a-be41-2b151ac1ff30
head_000082.jpg,f1aa3589-f203-4455-a293-86f392932895
head_000083.jpg,fee1977a-deac-4eb4-a1ba-5a5f669a9817
head_000084.jpg,b0d09afd-0469-48b6-9718-02f644ba1969
head_000085.jpg,e77d385c-2200-4fa5-b90a-0dea100e69e5
head_000086.jpg,67006b29-4adc-41dc-9b30-39a94363a81a
head_000087.jpg,5260c0df-76a3-4cb1-82fc-fd2f6a6440ad
head_000088.jpg,bbbaafbc-3889-4d6f-843b-d58fb94fb07c
head_000089.jpg,83207e09-61eb-4594-80f5-6a452cdd1dcf
head_000090.jpg,e217374d-17e1-4fa2-b4aa-868033edc1ed
head_000091.jpg,761abc97-f81c-4a09-823b-7cb1c528c290
head_000092.jpg,d8653bff-a5e8-4b3a-bffd-a861abad29bf
head_000093.jpg,f283fa30-6a63-47e6-82f5-0db96d01feb0
head_000094.jpg,9003c31f-6d6f-4ad9-b535-4e5c5698659b
head_000095.jpg,e77d385c-2200-4fa5-b90a-0dea100e69e5
head_000096.jpg,bc95fccf-3431-4dee-b23f-c0a10f19b05c
head_000097.jpg,cf22e101-9fef-48d5-9b40-a9a143c96a92
head_000098.jpg,7b38f393-27e8-45e1-9769-fa9af9f591f9
head_000099.jpg,c755133f-a088-47fb-be84-0c36422a9901
head_000100.jpg,2b733eca-99a6-482f-b57f-567970a2e8dd
head_000101.jpg,d7cd8e39-12e4-40a8-b2f7-7c24f291d2aa
head_000102.jpg,73f670e9-5ee3-49f3-8db2-3ea557a428b8
head_000103.jpg,11ae9785-7d82-4bd6-8ce9-e94ed362c23f
head_000104.jpg,85527fa6-6c14-45eb-91eb-32106f41f728
head_000105.jpg,844cb3cc-89dc-4609-b33a-3ffc2bb85fd7
head_000106.jpg,aed03e34-d258-4795-bd37-d63eb4c49802
head_000107.jpg,faf75b6e-88a9-4213-ad92-b3c8d1accdfc
head_000108.jpg,d8ec02f0-6a21-48a8-b2cc-f0005764bc2a
head_000109.jpg,1848c437-2486-4485-a725-f1db51065599
head_000110.jpg,74d538f0-cb3e-4982-9584-7e0f886b8397
head_000111.jpg,7145ff09-9841-43c9-8137-9bb3ea90a5b8
head_000112.jpg,5260c0df-76a3-4cb1-82fc-fd2f6a6440ad
head_000113.jpg,8aa6f9e4-e249-494f-a762-11e847296544
head_000114.jpg,3c5a76ad-2355-4293-a88a-03d7f6296c65
head_000115.jpg,249a4d40-2256-444e-a4d5-68209d8d134d
head_000116.jpg,89d1463d-4e1c-4edd-88a1-19f30914d459
head_000117.jpg,aed03e34-d258-4795-bd37-d63eb4c49802
head_000118.jpg,3c5a76ad-2355-4293-a88a-03d7f6296c65
head_000119.jpg,9110686e-9241-4260-ab50-18cf4ae4a49f
head_000120.jpg,4004afe6-b476-475e-867c-8d3b17e378c6
head_000121.jpg,761abc97-f81c-4a09-823b-7cb1c528c290
head_000122.jpg,fee1977a-deac-4eb4-a1ba-5a5f669a9817
head_000123.jpg,ea524367-fb6b-438f-a077-aae1f8fe4b08
head_000124.jpg,b881438e-7b28-4d49-a263-9cbca96e62ba
head_000125.jpg,74b049c5-916c-4dad-96f4-d34a63ef6e26
head_000126.jpg,6810b958-c4ad-4c34-9590-94b819ff444b
head_000127.jpg,3be4ffda-e5d4-4ff8-bed2-da0417e3636f
head_000128.jpg,b257ec4e-0b36-4e80-85be-b75c8df39b01
head_000129.jpg,d8653bff-a5e8-4b3a-bffd-a861abad29bf
head_000130.jpg,85527fa6-6c14-45eb-91eb-32106f41f728
head_000131.jpg,fee1977a-deac-4eb4-a1ba-5a5f669a9817
head_000132.jpg,b0d09afd-0469-48b6-9718-02f644ba1969
head_000133.jpg,7e67fb5a-4323-46b1-9686-68f84d2ee169
head_000134.jpg,1da24c9f-d62d-48a6-81b9-afbdc5c0e7af
head_000135.jpg,160e1683-7837-43ea-8ce7-755d101c419c
head_000136.jpg,fe44d727-75e4-4452-9428-95a5f3c7ea73
head_000137.jpg,02e5fbda-3d57-4b0a-be41-2b151ac1ff30
head_000138.jpg,bbbaafbc-3889-4d6f-843b-d58fb94fb07c
head_000139.jpg,306f89ef-3312-4218-8c1c-59f94f3fc32c
head_000140.jpg,34365bcc-5b2d-4f80-b721-ef7039e64fe8
head_000141.jpg,4004afe6-b476-475e-867c-8d3b17e378c6
head_000142.jpg,68996e21-12ab-4183-ab94-d2b0331efb10
head_000143.jpg,d548ac7d-62f0-48cb-a8eb-4b7e0a5191b4
head_000144.jpg,e217374d-17e1-4fa2-b4aa-868033edc1ed
head_000145.jpg,1da24c9f-d62d-48a6-81b9-afbdc5c0e7af
head_000146.jpg,143bf01f-d0f1-4ec9-bedd-ad0aa26e0cc2
head_000147.jpg,e217374d-17e1-4fa2-b4aa-868033edc1ed
head_000148.jpg,f4a2038b-8da9-451e-ae71-80cb90cb07b3
head_000149.jpg,7251cda9-d3d5-4249-baf0-4f4c1480adc9
head_000150.jpg,b07dd6f4-8c65-4c6c-b4eb-a65188e81c2c
head_000151.jpg,f1aa3589-f203-4455-a293-86f392932895
head_000152.jpg,4f461caa-6f3a-47c7-8926-050f87f9c8f0
head_000153.jpg,249a4d40-2256-444e-a4d5-68209d8d134d
head_000154.jpg,1ff8ad98-b860-4de4-ba7d-9c0177c44bab
head_000155.jpg,6e8d3aef-1f16-4b06-a5d4-9cf11fd29530
head_000156.jpg,f4a2038b-8da9-451e-ae71-80cb90cb07b3
head_000157.jpg,4004afe6-b476-475e-867c-8d3b17e378c6
head_000158.jpg,bbbaafbc-3889-4d6f-843b-d58fb94fb07c
head_000159.jpg,8a8f6936-9ca2-49d1-a7b5-e6733beaebdf
head_000160.jpg,b4f217b9-8188-4f1e-a9a6-a1e67e809c8a
head_000161.jpg,3a43347c-9ad1-47aa-969b-843ce5a0eac7
head_000162.jpg,eeed33f6-863c-49df-a1e3-1f711738b244
head_000163.jpg,ace33278-b65f-43d4-9c12-530e420ddef5
head_000164.jpg,45712db8-9da3-4558-bcc9-22d25d842af7
head_000165.jpg,c755133f-a088-47fb-be84-0c36422a9901
head_000166.jpg,2c47b308-3b61-45db-b6fd-f1560b32f358
head_000167.jpg,ddda7c68-86ac-4448-9795-e1cc33d704bc
head_000168.jpg,b0fb2cd7-62b2-46ff-9893-f23def9d9b8f
head_000169.jpg,400b4d96-c51c-4184-8f66-7f95319e45f3
head_000170.jpg,0eac9e8c-6604-4224-8017-7552aea6cf42
head_000171.jpg,d548ac7d-62f0-48cb-a8eb-4b7e0a5191b4
head_000172.jpg,d395c979-0cc5-456a-bbb3-c71f42849a88
head_000173.jpg,b4f217b9-8188-4f1e-a9a6-a1e67e809c8a
head_000174.jpg,fd56348b-a8c7-4635-800f-bf5f8c3dd4a0
head_000175.jpg,7b38f393-27e8-45e1-9769-fa9af9f591f9
head_000176.jpg,21ff4f8a-be18-46de-872c-c10cd153631a
head_000177.jpg,3772d75f-1801-4307-a18f-5fbcc1c10897
head_000178.jpg,5ff6a7d1-4616-4201-a82f-30fad5e933a1
head_000179.jpg,477d721a-6027-42a5-a2d7-94dc7e550fcc
head_000180.jpg,e217374d-17e1-4fa2-b4aa-868033edc1ed
head_000181.jpg,fee1977a-deac-4eb4-a1ba-5a5f669a9817
head_000182.jpg,5714276c-6415-4eae-980b-1e4b923847b2
head_000183.jpg,525405f2-808c-4ab9-9364-f7fd9d076f6b
head_000184.jpg,1b7c302c-68ae-46a7-b18e-a97d342081a9
head_000185.jpg,f5536888-9190-4314-a13f-7ca19b1f07a9
head_000186.jpg,5260c0df-76a3-4cb1-82fc-fd2f6a6440ad
head_000187.jpg,5260c0df-76a3-4cb1-82fc-fd2f6a6440ad
head_000188.jpg,5c6bdd77-0364-48e8-8022-591ca47f076e
head_000189.jpg,ace33278-b65f-43d4-9c12-530e420ddef5
head_000190.jpg,d8653bff-a5e8-4b3a-bffd-a861abad29bf
head_000191.jpg,83c4c239-d588-4d69-b848-dadb4810487c
head_000192.jpg,4004afe6-b476-475e-867c-8d3b17e378c6
head_000193.jpg,85527fa6-6c14-45eb-91eb-32106f41f728
head_000194.jpg,62087513-88bc-4a3f-8699-cb8db0665501
head_000195.jpg,fee1977a-deac-4eb4-a1ba-5a5f669a9817
head_000196.jpg,aed03e34-d258-4795-bd37-d63eb4c49802
head_000197.jpg,12a16fc6-0581-4276-9dc4-ffe7d8c13617
head_000198.jpg,fe44d727-75e4-4452-9428-95a5f3c7ea73
head_000199.jpg,2c47b308-3b61-45db-b6fd-f1560b32f358
head_000200.jpg,8c5534ba-2153-455d-b8e5-468a1c35b511
head_000201.jpg,18d82d10-7fdf-4306-9fe7-73a7f6152e53
head_000202.jpg,143bf01f-d0f1-4ec9-bedd-ad0aa26e0cc2
head_000203.jpg,48a2a80a-436d-4af1-b67a-8084c52f60d4
head_000204.jpg,e0233424-00dc-4c88-9e76-5741a76d5781
head_000205.jpg,0fe176d4-93fd-4d08-b0fa-a5c571579188
head_000206.jpg,e77d385c-2200-4fa5-b90a-0dea100e69e5
head_000207.jpg,5260c0df-76a3-4cb1-82fc-fd2f6a6440ad
head_000208.jpg,74b049c5-916c-4dad-96f4-d34a63ef6e26
head_000209.jpg,4004afe6-b476-475e-867c-8d3b17e378c6
head_000210.jpg,9110686e-9241-4260-ab50-18cf4ae4a49f
head_000211.jpg,2db6e83c-f316-45ea-9a60-b1fc2482a2f8
head_000212.jpg,44b705bc-5e1f-4759-aa8d-a888223e921f
head_000213.jpg,fee1977a-deac-4eb4-a1ba-5a5f669a9817
head_000214.jpg,7251cda9-d3d5-4249-baf0-4f4c1480adc9
head_000215.jpg,bbbaafbc-3889-4d6f-843b-d58fb94fb07c
head_000216.jpg,81725e48-3c1f-4c7c-89d6-334c10234cf9
head_000217.jpg,7b38f393-27e8-45e1-9769-fa9af9f591f9
head_000218.jpg,08626c7e-f14d-4a22-8b38-f8474c0196de
head_000219.jpg,ecda2205-db0b-4160-a40f-b6825fb43770
head_000220.jpg,eeed33f6-863c-49df-a1e3-1f711738b244
head_000221.jpg,f1aa3589-f203-4455-a293-86f392932895
head_000222.jpg,85527fa6-6c14-45eb-91eb-32106f41f728
head_000223.jpg,238a48f4-e86d-42d8-a18a-ae526e48f5c4
head_000224.jpg,8d704d6e-76b3-4fef-b7e7-5522bc453d98
head_000225.jpg,8b046377-529a-460d-8114-887322c52cde
head_000226.jpg,1ad6ea04-7e16-4875-aeb8-d088f5ac7325
head_000227.jpg,fd56348b-a8c7-4635-800f-bf5f8c3dd4a0
head_000228.jpg,ace33278-b65f-43d4-9c12-530e420ddef5
head_000229.jpg,ace33278-b65f-43d4-9c12-530e420ddef5
head_000230.jpg,7b9a9e8d-86d5-4c6c-8b10-8a129f8a10c4
head_000231.jpg,fdcab2e1-312d-4116-bdef-7bfdfcefe705
head_000232.jpg,42779875-0894-4e77-99f4-da82f72a17fa
head_000233.jpg,310eb8ee-7097-4ea5-b91e-31ce40b9685c
head_000234.jpg,20e1204f-ae7b-4297-b578-ef07ac24829a
head_000235.jpg,844640ea-498e-4d2e-a578-3783c217fb3c
head_000236.jpg,7b38f393-27e8-45e1-9769-fa9af9f591f9
head_000237.jpg,23784095-dc48-48a0-8326-9340074ab4d1
head_000238.jpg,6a1fc5e8-c077-41c4-9c3b-ff5d0b0364a2
head_000239.jpg,0469ca59-fa1d-4e41-9885-f797f7b6670b
head_000240.jpg,e0233424-00dc-4c88-9e76-5741a76d5781
head_000241.jpg,5714276c-6415-4eae-980b-1e4b923847b2
head_000242.jpg,48a2a80a-436d-4af1-b67a-8084c52f60d4
head_000243.jpg,08626c7e-f14d-4a22-8b38-f8474c0196de
head_000244.jpg,89d1463d-4e1c-4edd-88a1-19f30914d459
head_000245.jpg,1848c437-2486-4485-a725-f1db51065599
head_000246.jpg,736ca848-7821-430b-9aaa-f8870e80aec4
head_000247.jpg,c3835fcb-41e1-4d3a-877c-ca359a7c4e74
head_000248.jpg,ddda7c68-86ac-4448-9795-e1cc33d704bc
head_000249.jpg,34365bcc-5b2d-4f80-b721-ef7039e64fe8
head_000250.jpg,ace33278-b65f-43d4-9c12-530e420ddef5
head_000251.jpg,f1aa3589-f203-4455-a293-86f392932895
head_000252.jpg,2c47b308-3b61-45db-b6fd-f1560b32f358
head_000253.jpg,f1aa3589-f203-4455-a293-86f392932895
head_000254.jpg,eeed33f6-863c-49df-a1e3-1f711738b244
head_000255.jpg,e217374d-17e1-4fa2-b4aa-868033edc1ed
head_000256.jpg,06569257-d4a3-45a1-af58-688cb9a7bf5a
head_000257.jpg,306f89ef-3312-4218-8c1c-59f94f3fc32c
head_000258.jpg,238a48f4-e86d-42d8-a18a-ae526e48f5c4
head_000259.jpg,e77d385c-2200-4fa5-b90a-0dea100e69e5
head_000260.jpg,9110686e-9241-4260-ab50-18cf4ae4a49f
head_000261.jpg,3a43347c-9ad1-47aa-969b-843ce5a0eac7
head_000262.jpg,fee1977a-deac-4eb4-a1ba-5a5f669a9817
head_000263.jpg,761abc97-f81c-4a09-823b-7cb1c528c290
head_000264.jpg,fb14f620-2472-467f-a38d-b2d0a2b8081c
head_000265.jpg,fa2abd16-8947-4685-9d94-a389233cba74
head_000266.jpg,1ec97520-1eae-4b9e-9f5c-1f181a8daf3a
head_000267.jpg,12a16fc6-0581-4276-9dc4-ffe7d8c13617
head_000268.jpg,49993bd8-5e05-48a1-a8eb-1aa5212aea36
head_000269.jpg,3c5a76ad-2355-4293-a88a-03d7f6296c65
head_000270.jpg,aeea8cca-a56f-4662-8f86-3a7f8f7237a0
head_000271.jpg,0b85b8c4-5ea9-46bd-8ba2-86ee385b1eb3
head_000272.jpg,b0d09afd-0469-48b6-9718-02f644ba1969
head_000273.jpg,02e5fbda-3d57-4b0a-be41-2b151ac1ff30
head_000274.jpg,7153eda6-946a-4e9d-9c3d-c5c034cbc5e3
head_000275.jpg,c5c66d36-d1a6-412e-8289-0b5d8b275be9
head_000276.jpg,e217374d-17e1-4fa2-b4aa-868033edc1ed
head_000277.jpg,fee1977a-deac-4eb4-a1ba-5a5f669a9817
head_000278.jpg,06569257-d4a3-45a1-af58-688cb9a7bf5a
head_000279.jpg,4004afe6-b476-475e-867c-8d3b17e378c6
head_000280.jpg,736ca848-7821-430b-9aaa-f8870e80aec4
head_000281.jpg,2b13d5a4-831c-4c87-8294-4b0c61541e3b
head_000282.jpg,83207e09-61eb-4594-80f5-6a452cdd1dcf
head_000283.jpg,cec93868-770e-44c5-8bbd-097be098f498
head_000284.jpg,8d704d6e-76b3-4fef-b7e7-5522bc453d98
head_000285.jpg,970a8e69-2ce2-4515-bb96-de91d7afcb00
head_000286.jpg,1ec97520-1eae-4b9e-9f5c-1f181a8daf3a
head_000287.jpg,cec93868-770e-44c5-8bbd-097be098f498
head_000288.jpg,fa2abd16-8947-4685-9d94-a389233cba74
head_000289.jpg,b0d09afd-0469-48b6-9718-02f644ba1969
head_000290.jpg,7e67fb5a-4323-46b1-9686-68f84d2ee169
head_000291.jpg,fe44d727-75e4-4452-9428-95a5f3c7ea73
head_000292.jpg,18d82d10-7fdf-4306-9fe7-73a7f6152e53
head_000293.jpg,249a4d40-2256-444e-a4d5-68209d8d134d
head_000294.jpg,bbbaafbc-3889-4d6f-843b-d58fb94fb07c
head_000295.jpg,74b049c5-916c-4dad-96f4-d34a63ef6e26
head_000296.jpg,160e1683-7837-43ea-8ce7-755d101c419c
head_000297.jpg,7802d893-e75c-48c3-b822-8a9704bbbd4d
head_000298.jpg,248353ce-530e-4dea-97c7-31f6029b2088
head_000299.jpg,ef582f4d-8d4e-4962-aeb4-3fd48824c85f
head_000300.jpg,400b4d96-c51c-4184-8f66-7f95319e45f3
head_000301.jpg,2b13d5a4-831c-4c87-8294-4b0c61541e3b
head_000302.jpg,9110686e-9241-4260-ab50-18cf4ae4a49f
head_000303.jpg,84040874-ad2a-4c44-9f3d-50d044367062
head_000304.jpg,c755133f-a088-47fb-be84-0c36422a9901
head_000305.jpg,bbbaafbc-3889-4d6f-843b-d58fb94fb07c
head_000306.jpg,61f3efff-c86f-48ed-8b36-0dec4078b231
head_000307.jpg,34365bcc-5b2d-4f80-b721-ef7039e64fe8
head_000308.jpg,6e8d3aef-1f16-4b06-a5d4-9cf11fd29530
head_000309.jpg,ace33278-b65f-43d4-9c12-530e420ddef5
head_000310.jpg,20086390-26ac-4539-9130-b31b9d993672
head_000311.jpg,7b38f393-27e8-45e1-9769-fa9af9f591f9
head_000312.jpg,08626c7e-f14d-4a22-8b38-f8474c0196de
head_000313.jpg,6e8d3aef-1f16-4b06-a5d4-9cf11fd29530
head_000314.jpg,3347e8b1-1d84-412a-8e3f-5b0c146f9b95
head_000315.jpg,23950465-b1cb-4e7e-a861-b18ce82aac55
head_000316.jpg,fee1977a-deac-4eb4-a1ba-5a5f669a9817
head_000317.jpg,310eb8ee-7097-4ea5-b91e-31ce40b9685c
head_000318.jpg,1c6b6027-329e-4703-9580-bbf1e8a08647
head_000319.jpg,34365bcc-5b2d-4f80-b721-ef7039e64fe8
head_000320.jpg,5c6bdd77-0364-48e8-8022-591ca47f076e
head_000321.jpg,0d234988-cf58-4e62-b45b-4f23b54b1f2a
head_000322.jpg,d7b3e671-bcbe-4fec-8566-16d26bfb12f0
head_000323.jpg,b07dd6f4-8c65-4c6c-b4eb-a65188e81c2c
head_000324.jpg,1da24c9f-d62d-48a6-81b9-afbdc5c0e7af
head_000325.jpg,992f8369-b55b-43c6-b0ce-a9a51a54320c
head_000326.jpg,238a48f4-e86d-42d8-a18a-ae526e48f5c4
head_000327.jpg,1c6b6027-329e-4703-9580-bbf1e8a08647
head_000328.jpg,18d82d10-7fdf-4306-9fe7-73a7f6152e53
head_000329.jpg,bfab3e8b-c8a4-40d7-9a55-ad0e9c744283
head_000330.jpg,83c4c239-d588-4d69-b848-dadb4810487c
head_000331.jpg,fac82e27-beb0-4e8e-bf1f-13a381f0d459
head_000332.jpg,e77d385c-2200-4fa5-b90a-0dea100e69e5
head_000333.jpg,62087513-88bc-4a3f-8699-cb8db0665501
head_000334.jpg,db3de022-02a6-455a-8d26-5746c2a79514
head_000335.jpg,34365bcc-5b2d-4f80-b721-ef7039e64fe8
head_000336.jpg,e217374d-17e1-4fa2-b4aa-868033edc1ed
head_000337.jpg,1ec97520-1eae-4b9e-9f5c-1f181a8daf3a
head_000338.jpg,5714276c-6415-4eae-980b-1e4b923847b2
head_000339.jpg,aeea8cca-a56f-4662-8f86-3a7f8f7237a0
head_000340.jpg,736ca848-7821-430b-9aaa-f8870e80aec4
head_000341.jpg,eeed33f6-863c-49df-a1e3-1f711738b244
head_000342.jpg,5ff6a7d1-4616-4201-a82f-30fad5e933a1
head_000343.jpg,bff16f45-9acf-4eac-8d62-52b1fefb9e0f
head_000344.jpg,2db6e83c-f316-45ea-9a60-b1fc2482a2f8
head_000345.jpg,e217374d-17e1-4fa2-b4aa-868033edc1ed
head_000346.jpg,fee1977a-deac-4eb4-a1ba-5a5f669a9817
head_000347.jpg,a6eae8cd-910e-44a2-a5f4-4766b66fc7b2
head_000348.jpg,7a2a6f84-a929-4b78-999b-a299daa575da
head_000349.jpg,34365bcc-5b2d-4f80-b721-ef7039e64fe8
head_000350.jpg,3a43347c-9ad1-47aa-969b-843ce5a0eac7
head_000351.jpg,160e1683-7837-43ea-8ce7-755d101c419c
head_000352.jpg,e217374d-17e1-4fa2-b4aa-868033edc1ed
head_000353.jpg,2c47b308-3b61-45db-b6fd-f1560b32f358
head_000354.jpg,5ff6a7d1-4616-4201-a82f-30fad5e933a1
head_000355.jpg,a06366b7-a0e0-471e-9595-8eb50b6d499f
head_000356.jpg,d395c979-0cc5-456a-bbb3-c71f42849a88
head_000357.jpg,b257ec4e-0b36-4e80-85be-b75c8df39b01
head_000358.jpg,f1aa3589-f203-4455-a293-86f392932895
head_000359.jpg,8b046377-529a-460d-8114-887322c52cde
head_000360.jpg,e217374d-17e1-4fa2-b4aa-868033edc1ed
head_000361.jpg,89d1463d-4e1c-4edd-88a1-19f30914d459
head_000362.jpg,aa5f5b18-31cf-4278-b92a-d22d3fc5ddf9
head_000363.jpg,7201896a-1323-4e70-b147-4cc6d13b2784
head_000364.jpg,1da24c9f-d62d-48a6-81b9-afbdc5c0e7af
head_000365.jpg,3c5a76ad-2355-4293-a88a-03d7f6296c65
head_000366.jpg,249a4d40-2256-444e-a4d5-68209d8d134d
head_000367.jpg,5fdac45d-b5e7-4133-a8f4-05b28552990c
head_000368.jpg,d3977dfd-d0f9-4318-8ea9-f7c337898633
head_000369.jpg,02e5fbda-3d57-4b0a-be41-2b151ac1ff30
head_000370.jpg,66a99503-a6e9-47cd-b28a-ac543d20f110
head_000371.jpg,280baaed-937b-4984-b7af-3ab6cefd61f9
head_000372.jpg,2c47b308-3b61-45db-b6fd-f1560b32f358
head_000373.jpg,83c4c239-d588-4d69-b848-dadb4810487c
head_000374.jpg,8c3be170-b41e-411e-9940-1f5960cfa850
head_000375.jpg,68996e21-12ab-4183-ab94-d2b0331efb10
head_000376.jpg,5260c0df-76a3-4cb1-82fc-fd2f6a6440ad
head_000377.jpg,2c47b308-3b61-45db-b6fd-f1560b32f358
head_000378.jpg,8e52a7f7-8046-4567-b92a-e5941b184745
head_000379.jpg,c1593d0b-5f78-4f62-8304-932d7fbcc9fe
head_000380.jpg,fee1977a-deac-4eb4-a1ba-5a5f669a9817
head_000381.jpg,2c47b308-3b61-45db-b6fd-f1560b32f358
head_000382.jpg,5c6bdd77-0364-48e8-8022-591ca47f076e
head_000383.jpg,981331f5-85cc-41d1-bbf6-6733aa8e2c42
head_000384.jpg,bb7b8783-ecf2-466b-956a-b07381a49e31
head_000385.jpg,fb14f620-2472-467f-a38d-b2d0a2b8081c
head_000386.jpg,c273c534-7efa-4da8-bdba-6fdb44d92fed
head_000387.jpg,8d704d6e-76b3-4fef-b7e7-5522bc453d98
head_000388.jpg,ef582f4d-8d4e-4962-aeb4-3fd48824c85f
head_000389.jpg,74d538f0-cb3e-4982-9584-7e0f886b8397
head_000390.jpg,bff16f45-9acf-4eac-8d62-52b1fefb9e0f
head_000391.jpg,aed03e34-d258-4795-bd37-d63eb4c49802
head_000392.jpg,2c47b308-3b61-45db-b6fd-f1560b32f358
head_000393.jpg,02e5fbda-3d57-4b0a-be41-2b151ac1ff30
head_000394.jpg,ace33278-b65f-43d4-9c12-530e420ddef5
head_000395.jpg,ecda2205-db0b-4160-a40f-b6825fb43770
head_000396.jpg,34365bcc-5b2d-4f80-b721-ef7039e64fe8
head_000397.jpg,160e1683-7837-43ea-8ce7-755d101c419c
head_000398.jpg,c755133f-a088-47fb-be84-0c36422a9901
head_000399.jpg,d11e7615-c86e-40f5-bf09-41cc4e39f863
head_000400.jpg,66a99503-a6e9-47cd-b28a-ac543d20f110
head_000401.jpg,06fed4b8-bd2d-4410-a9b5-84f030997d01
head_000402.jpg,aed03e34-d258-4795-bd37-d63eb4c49802
head_000403.jpg,a052575c-682f-488a-8034-ce8b0d68e6dd
head_000404.jpg,2b733eca-99a6-482f-b57f-567970a2e8dd
head_000405.jpg,89390731-0ff1-454f-a2ac-8017c49d8da6
head_000406.jpg,c7fc642b-3a46-4bda-ac76-abcbffdf2260
head_000407.jpg,c6241bf0-3991-48e7-862b-052e4c1eef69
head_000408.jpg,0469ca59-fa1d-4e41-9885-f797f7b6670b
head_000409.jpg,c273c534-7efa-4da8-bdba-6fdb44d92fed
head_000410.jpg,7802d893-e75c-48c3-b822-8a9704bbbd4d
head_000411.jpg,08626c7e-f14d-4a22-8b38-f8474c0196de
head_000412.jpg,91be8644-a55d-45bf-9b4e-34c56c607690
head_000413.jpg,74d538f0-cb3e-4982-9584-7e0f886b8397
head_000414.jpg,7b38f393-27e8-45e1-9769-fa9af9f591f9
head_000415.jpg,7145ff09-9841-43c9-8137-9bb3ea90a5b8
head_000416.jpg,02e5fbda-3d57-4b0a-be41-2b151ac1ff30
head_000417.jpg,8b046377-529a-460d-8114-887322c52cde
head_000418.jpg,fb14f620-2472-467f-a38d-b2d0a2b8081c
head_000419.jpg,88db538e-05ee-4e9f-8163-e1bb7e4743fc
head_000420.jpg,5260c0df-76a3-4cb1-82fc-fd2f6a6440ad
head_000421.jpg,477d721a-6027-42a5-a2d7-94dc7e550fcc
head_000422.jpg,981331f5-85cc-41d1-bbf6-6733aa8e2c42
head_000423.jpg,310eb8ee-7097-4ea5-b91e-31ce40b9685c
head_000424.jpg,34365bcc-5b2d-4f80-b721-ef7039e64fe8
head_000425.jpg,3be4ffda-e5d4-4ff8-bed2-da0417e3636f
head_000426.jpg,73ccff66-e431-422c-9c79-3026cb1280a1
head_000427.jpg,126523de-9fe0-4630-8fb3-256a723adb4a
head_000428.jpg,74d538f0-cb3e-4982-9584-7e0f886b8397
head_000429.jpg,a6eae8cd-910e-44a2-a5f4-4766b66fc7b2
head_000430.jpg,4004afe6-b476-475e-867c-8d3b17e378c6
head_000431.jpg,02e5fbda-3d57-4b0a-be41-2b151ac1ff30
head_000432.jpg,fee1977a-deac-4eb4-a1ba-5a5f669a9817
head_000433.jpg,cc198eff-cbca-4c78-8e28-00592ef701f7
head_000434.jpg,525405f2-808c-4ab9-9364-f7fd9d076f6b
head_000435.jpg,e77d385c-2200-4fa5-b90a-0dea100e69e5
head_000436.jpg,ea524367-fb6b-438f-a077-aae1f8fe4b08
head_000437.jpg,2c47b308-3b61-45db-b6fd-f1560b32f358
head_000438.jpg,1da24c9f-d62d-48a6-81b9-afbdc5c0e7af
head_000439.jpg,761abc97-f81c-4a09-823b-7cb1c528c290
head_000440.jpg,f5536888-9190-4314-a13f-7ca19b1f07a9
head_000441.jpg,c755133f-a088-47fb-be84-0c36422a9901
head_000442.jpg,91be8644-a55d-45bf-9b4e-34c56c607690
head_000443.jpg,c5c66d36-d1a6-412e-8289-0b5d8b275be9
head_000444.jpg,4bb25d71-806b-442d-950b-f137f820a90f
head_000445.jpg,bb7b8783-ecf2-466b-956a-b07381a49e31
head_000446.jpg,20086390-26ac-4539-9130-b31b9d993672
head_000447.jpg,cec93868-770e-44c5-8bbd-097be098f498
head_000448.jpg,20c4e967-97c4-4546-b7ca-6b57b6f4c19a
head_000449.jpg,67006b29-4adc-41dc-9b30-39a94363a81a
head_000450.jpg,fd56348b-a8c7-4635-800f-bf5f8c3dd4a0
head_000451.jpg,126523de-9fe0-4630-8fb3-256a723adb4a
head_000452.jpg,e217374d-17e1-4fa2-b4aa-868033edc1ed
head_000453.jpg,ecda2205-db0b-4160-a40f-b6825fb43770
head_000454.jpg,1848c437-2486-4485-a725-f1db51065599
head_000455.jpg,249a4d40-2256-444e-a4d5-68209d8d134d
head_000456.jpg,8b530229-7b7d-4744-a09d-d489933fc659
head_000457.jpg,f4a2038b-8da9-451e-ae71-80cb90cb07b3
head_000458.jpg,4004afe6-b476-475e-867c-8d3b17e378c6
head_000459.jpg,ecda2205-db0b-4160-a40f-b6825fb43770
head_000460.jpg,e77d385c-2200-4fa5-b90a-0dea100e69e5
head_000461.jpg,8b046377-529a-460d-8114-887322c52cde
head_000462.jpg,45712db8-9da3-4558-bcc9-22d25d842af7
head_000463.jpg,238a48f4-e86d-42d8-a18a-ae526e48f5c4
head_000464.jpg,88db538e-05ee-4e9f-8163-e1bb7e4743fc
head_000465.jpg,fee1977a-deac-4eb4-a1ba-5a5f669a9817
head_000466.jpg,8e52a7f7-8046-4567-b92a-e5941b184745
head_000467.jpg,c755133f-a088-47fb-be84-0c36422a9901
head_000468.jpg,eeed33f6-863c-49df-a1e3-1f711738b244
head_000469.jpg,a6eae8cd-910e-44a2-a5f4-4766b66fc7b2
head_000470.jpg,5fdac45d-b5e7-4133-a8f4-05b28552990c
head_000471.jpg,fa2abd16-8947-4685-9d94-a389233cba74
head_000472.jpg,2c47b308-3b61-45db-b6fd-f1560b32f358
head_000473.jpg,bbbaafbc-3889-4d6f-843b-d58fb94fb07c
head_000474.jpg,89d1463d-4e1c-4edd-88a1-19f30914d459
head_000475.jpg,160e1683-7837-43ea-8ce7-755d101c419c
head_000476.jpg,e217374d-17e1-4fa2-b4aa-868033edc1ed
head_000477.jpg,10d0c599-86ff-4965-a23b-4cd1c951768c
head_000478.jpg,fd56348b-a8c7-4635-800f-bf5f8c3dd4a0
head_000479.jpg,fb14f620-2472-467f-a38d-b2d0a2b8081c
head_000480.jpg,a5f6a30d-faa1-4d73-aebd-5dff073c6191
head_000481.jpg,7201896a-1323-4e70-b147-4cc6d13b2784
head_000482.jpg,74d538f0-cb3e-4982-9584-7e0f886b8397
head_000483.jpg,74d538f0-cb3e-4982-9584-7e0f886b8397
head_000484.jpg,3772d75f-1801-4307-a18f-5fbcc1c10897
head_000485.jpg,e217374d-17e1-4fa2-b4aa-868033edc1ed
head_000486.jpg,10d0c599-86ff-4965-a23b-4cd1c951768c
head_000487.jpg,7e9d299f-be22-497a-9d79-a1e9d909c013
head_000488.jpg,34365bcc-5b2d-4f80-b721-ef7039e64fe8
head_000489.jpg,7251cda9-d3d5-4249-baf0-4f4c1480adc9
head_000490.jpg,8b530229-7b7d-4744-a09d-d489933fc659
head_000491.jpg,39e2a478-dfec-4851-be25-af197a3d183f
head_000492.jpg,4004afe6-b476-475e-867c-8d3b17e378c6
head_000493.jpg,1da24c9f-d62d-48a6-81b9-afbdc5c0e7af
head_000494.jpg,1ad6ea04-7e16-4875-aeb8-d088f5ac7325
head_000495.jpg,e0233424-00dc-4c88-9e76-5741a76d5781
head_000496.jpg,74d538f0-cb3e-4982-9584-7e0f886b8397
head_000497.jpg,6a1fc5e8-c077-41c4-9c3b-ff5d0b0364a2
head_000498.jpg,3c5a76ad-2355-4293-a88a-03d7f6296c65
head_000499.jpg,525405f2-808c-4ab9-9364-f7fd9d076f6b
head_000500.jpg,fe44d727-75e4-4452-9428-95a5f3c7ea73
head_000501.jpg,5714276c-6415-4eae-980b-1e4b923847b2
head_000502.jpg,8a8f6936-9ca2-49d1-a7b5-e6733beaebdf
head_000503.jpg,12a16fc6-0581-4276-9dc4-ffe7d8c13617
head_000504.jpg,3c5a76ad-2355-4293-a88a-03d7f6296c65
head_000505.jpg,7251cda9-d3d5-4249-baf0-4f4c1480adc9
head_000506.jpg,3be4ffda-e5d4-4ff8-bed2-da0417e3636f
head_000507.jpg,fee1977a-deac-4eb4-a1ba-5a5f669a9817
head_000508.jpg,f0981810-e7ce-4e48-b699-c17fbbca7f3c
head_000509.jpg,fe44d727-75e4-4452-9428-95a5f3c7ea73
head_000510.jpg,4004afe6-b476-475e-867c-8d3b17e378c6
head_000511.jpg,02e5fbda-3d57-4b0a-be41-2b151ac1ff30
head_000512.jpg,5ff6a7d1-4616-4201-a82f-30fad5e933a1
head_000513.jpg,8b046377-529a-460d-8114-887322c52cde
head_000514.jpg,c7fc642b-3a46-4bda-ac76-abcbffdf2260
head_000515.jpg,34365bcc-5b2d-4f80-b721-ef7039e64fe8
head_000516.jpg,f5536888-9190-4314-a13f-7ca19b1f07a9
head_000517.jpg,c755133f-a088-47fb-be84-0c36422a9901
head_000518.jpg,310eb8ee-7097-4ea5-b91e-31ce40b9685c
head_000519.jpg,7251cda9-d3d5-4249-baf0-4f4c1480adc9
head_000520.jpg,4004afe6-b476-475e-867c-8d3b17e378c6
head_000521.jpg,7251cda9-d3d5-4249-baf0-4f4c1480adc9
head_000522.jpg,c1593d0b-5f78-4f62-8304-932d7fbcc9fe
head_000523.jpg,7b9a9e8d-86d5-4c6c-8b10-8a129f8a10c4
head_000524.jpg,bbbaafbc-3889-4d6f-843b-d58fb94fb07c
head_000525.jpg,20086390-26ac-4539-9130-b31b9d993672
head_000526.jpg,fee1977a-deac-4eb4-a1ba-5a5f669a9817
head_000527.jpg,a539ecd4-d1a5-49d8-aa11-e4a6d9bf3c70
head_000528.jpg,44af1942-49f4-45ef-aed6-df0ce47d4bc9
head_000529.jpg,2c47b308-3b61-45db-b6fd-f1560b32f358
head_000530.jpg,0fe176d4-93fd-4d08-b0fa-a5c571579188
head_000531.jpg,5260c0df-76a3-4cb1-82fc-fd2f6a6440ad
head_000532.jpg,2c47b308-3b61-45db-b6fd-f1560b32f358
head_000533.jpg,a06366b7-a0e0-471e-9595-8eb50b6d499f
head_000534.jpg,83c4c239-d588-4d69-b848-dadb4810487c
head_000535.jpg,238a48f4-e86d-42d8-a18a-ae526e48f5c4
head_000536.jpg,b0d09afd-0469-48b6-9718-02f644ba1969
head_000537.jpg,7251cda9-d3d5-4249-baf0-4f4c1480adc9
head_000538.jpg,e146c860-5de6-4870-978b-bb2f35f75d20
head_000539.jpg,83207e09-61eb-4594-80f5-6a452cdd1dcf
head_000540.jpg,aed03e34-d258-4795-bd37-d63eb4c49802
head_000541.jpg,a5f6a30d-faa1-4d73-aebd-5dff073c6191
head_000542.jpg,aed03e34-d258-4795-bd37-d63eb4c49802
head_000543.jpg,fa2abd16-8947-4685-9d94-a389233cba74
head_000544.jpg,992f8369-b55b-43c6-b0ce-a9a51a54320c
head_000545.jpg,83c4c239-d588-4d69-b848-dadb4810487c
head_000546.jpg,837298c0-13cb-470f-8a28-f513694ee20e
head_000547.jpg,e7d7fd1f-5a2d-4073-ac1f-59f6268ba8de
head_000548.jpg,c6241bf0-3991-48e7-862b-052e4c1eef69
head_000549.jpg,f1aa3589-f203-4455-a293-86f392932895
head_000550.jpg,bb7b8783-ecf2-466b-956a-b07381a49e31
head_000551.jpg,e7d7fd1f-5a2d-4073-ac1f-59f6268ba8de
head_000552.jpg,34365bcc-5b2d-4f80-b721-ef7039e64fe8
head_000553.jpg,7b38f393-27e8-45e1-9769-fa9af9f591f9
head_000554.jpg,7251cda9-d3d5-4249-baf0-4f4c1480adc9
head_000555.jpg,66f06e87-bcea-487d-b5c6-6e5cbfb52ce4
head_000556.jpg,f5536888-9190-4314-a13f-7ca19b1f07a9
head_000557.jpg,1da24c9f-d62d-48a6-81b9-afbdc5c0e7af
head_000558.jpg,7251cda9-d3d5-4249-baf0-4f4c1480adc9
head_000559.jpg,4b3d02b4-f522-464b-ab0e-79e1089c5b57
head_000560.jpg,3c5a76ad-2355-4293-a88a-03d7f6296c65
head_000561.jpg,310eb8ee-7097-4ea5-b91e-31ce40b9685c
head_000562.jpg,10d0c599-86ff-4965-a23b-4cd1c951768c
head_000563.jpg,5ff6a7d1-4616-4201-a82f-30fad5e933a1
head_000564.jpg,c6241bf0-3991-48e7-862b-052e4c1eef69
head_000565.jpg,992f8369-b55b-43c6-b0ce-a9a51a54320c
head_000566.jpg,d8653bff-a5e8-4b3a-bffd-a861abad29bf
head_000567.jpg,4004afe6-b476-475e-867c-8d3b17e378c6
head_000568.jpg,02e5fbda-3d57-4b0a-be41-2b151ac1ff30
head_000569.jpg,fe44d727-75e4-4452-9428-95a5f3c7ea73
head_000570.jpg,f1aa3589-f203-4455-a293-86f392932895
head_000571.jpg,bbbaafbc-3889-4d6f-843b-d58fb94fb07c
head_000572.jpg,4c139246-f943-4f0b-a658-d1a2fac27dc7
head_000573.jpg,83207e09-61eb-4594-80f5-6a452cdd1dcf
head_000574.jpg,83207e09-61eb-4594-80f5-6a452cdd1dcf
head_000575.jpg,02e5fbda-3d57-4b0a-be41-2b151ac1ff30
head_000576.jpg,fee1977a-deac-4eb4-a1ba-5a5f669a9817
head_000577.jpg,81725e48-3c1f-4c7c-89d6-334c10234cf9
head_000578.jpg,7b38f393-27e8-45e1-9769-fa9af9f591f9
head_000579.jpg,e217374d-17e1-4fa2-b4aa-868033edc1ed
head_000580.jpg,4bb25d71-806b-442d-950b-f137f820a90f
head_000581.jpg,8b046377-529a-460d-8114-887322c52cde
head_000582.jpg,4004afe6-b476-475e-867c-8d3b17e378c6
head_000583.jpg,23784095-dc48-48a0-8326-9340074ab4d1
head_000584.jpg,f4a2038b-8da9-451e-ae71-80cb90cb07b3
head_000585.jpg,310eb8ee-7097-4ea5-b91e-31ce40b9685c
head_000586.jpg,aeea8cca-a56f-4662-8f86-3a7f8f7237a0
head_000587.jpg,ecda2205-db0b-4160-a40f-b6825fb43770
head_000588.jpg,4b3d02b4-f522-464b-ab0e-79e1089c5b57
head_000589.jpg,ed4a92c6-3d4e-40e0-b055-3175620123c1
head_000590.jpg,2c44f7c6-44e5-4d34-9304-7807962aa038
head_000591.jpg,10d0c599-86ff-4965-a23b-4cd1c951768c
head_000592.jpg,143bf01f-d0f1-4ec9-bedd-ad0aa26e0cc2
head_000593.jpg,7153eda6-946a-4e9d-9c3d-c5c034cbc5e3
head_000594.jpg,85527fa6-6c14-45eb-91eb-32106f41f728
head_000595.jpg,8c755bf5-a137-4d36-b924-def3665fc42e
head_000596.jpg,1848c437-2486-4485-a725-f1db51065599
head_000597.jpg,7251cda9-d3d5-4249-baf0-4f4c1480adc9
head_000598.jpg,204b687d-7113-4c69-95a9-6d40ef0e59e8
head_000599.jpg,fdcab2e1-312d-4116-bdef-7bfdfcefe705
head_000600.jpg,e1cb11c3-48d4-474d-9881-affe8b0d02d5
head_000601.jpg,f4a2038b-8da9-451e-ae71-80cb90cb07b3
head_000602.jpg,1da24c9f-d62d-48a6-81b9-afbdc5c0e7af
head_000603.jpg,81725e48-3c1f-4c7c-89d6-334c10234cf9
head_000604.jpg,51029c66-ec8d-4601-afb1-6c0164c303b4
head_000605.jpg,10d0c599-86ff-4965-a23b-4cd1c951768c
head_000606.jpg,f0981810-e7ce-4e48-b699-c17fbbca7f3c
head_000607.jpg,4004afe6-b476-475e-867c-8d3b17e378c6
head_000608.jpg,51029c66-ec8d-4601-afb1-6c0164c303b4
head_000609.jpg,fee1977a-deac-4eb4-a1ba-5a5f669a9817
head_000610.jpg,e0233424-00dc-4c88-9e76-5741a76d5781
head_000611.jpg,b0fb2cd7-62b2-46ff-9893-f23def9d9b8f
head_000612.jpg,7b38f393-27e8-45e1-9769-fa9af9f591f9
head_000613.jpg,310eb8ee-7097-4ea5-b91e-31ce40b9685c
head_000614.jpg,7145ff09-9841-43c9-8137-9bb3ea90a5b8
head_000615.jpg,fee1977a-deac-4eb4-a1ba-5a5f669a9817
head_000616.jpg,bff16f45-9acf-4eac-8d62-52b1fefb9e0f
head_000617.jpg,bc95fccf-3431-4dee-b23f-c0a10f19b05c
head_000618.jpg,7b9a9e8d-86d5-4c6c-8b10-8a129f8a10c4
head_000619.jpg,7251cda9-d3d5-4249-baf0-4f4c1480adc9
head_000620.jpg,160e1683-7837-43ea-8ce7-755d101c419c
head_000621.jpg,fee1977a-deac-4eb4-a1ba-5a5f669a9817
head_000622.jpg,5260c0df-76a3-4cb1-82fc-fd2f6a6440ad
head_000623.jpg,20e1204f-ae7b-4297-b578-ef07ac24829a
head_000624.jpg,5260c0df-76a3-4cb1-82fc-fd2f6a6440ad
head_000625.jpg,7153eda6-946a-4e9d-9c3d-c5c034cbc5e3
head_000626.jpg,844cb3cc-89dc-4609-b33a-3ffc2bb85fd7
head_000627.jpg,73f670e9-5ee3-49f3-8db2-3ea557a428b8
head_000628.jpg,67006b29-4adc-41dc-9b30-39a94363a81a
head_000629.jpg,9003c31f-6d6f-4ad9-b535-4e5c5698659b
head_000630.jpg,c3835fcb-41e1-4d3a-877c-ca359a7c4e74
head_000631.jpg,fee1977a-deac-4eb4-a1ba-5a5f669a9817
head_000632.jpg,0d234988-cf58-4e62-b45b-4f23b54b1f2a
head_000633.jpg,fb14f620-2472-467f-a38d-b2d0a2b8081c
head_000634.jpg,763682fe-336a-4e52-b076-e904de642832
head_000635.jpg,fee1977a-deac-4eb4-a1ba-5a5f669a9817
head_000636.jpg,5b3f1cd0-8656-4803-b85a-ac405603f434
head_000637.jpg,02e5fbda-3d57-4b0a-be41-2b151ac1ff30
head_000638.jpg,238a48f4-e86d-42d8-a18a-ae526e48f5c4
head_000639.jpg,fb14f620-2472-467f-a38d-b2d0a2b8081c
head_000640.jpg,4004afe6-b476-475e-867c-8d3b17e378c6
head_000641.jpg,7201896a-1323-4e70-b147-4cc6d13b2784
head_000642.jpg,91be8644-a55d-45bf-9b4e-34c56c607690
head_000643.jpg,400b6573-9ae7-400a-b437-b18098f2a67f
head_000644.jpg,aed03e34-d258-4795-bd37-d63eb4c49802
head_000645.jpg,f1aa3589-f203-4455-a293-86f392932895
head_000646.jpg,7251cda9-d3d5-4249-baf0-4f4c1480adc9
head_000647.jpg,89d1463d-4e1c-4edd-88a1-19f30914d459
head_000648.jpg,4c139246-f943-4f0b-a658-d1a2fac27dc7
head_000649.jpg,b07dd6f4-8c65-4c6c-b4eb-a65188e81c2c
head_000650.jpg,2c47b308-3b61-45db-b6fd-f1560b32f358
head_000651.jpg,45712db8-9da3-4558-bcc9-22d25d842af7
head_000652.jpg,0d234988-cf58-4e62-b45b-4f23b54b1f2a
head_000653.jpg,83207e09-61eb-4594-80f5-6a452cdd1dcf
head_000654.jpg,7b38f393-27e8-45e1-9769-fa9af9f591f9
head_000655.jpg,761abc97-f81c-4a09-823b-7cb1c528c290
head_000656.jpg,f1aa3589-f203-4455-a293-86f392932895
head_000657.jpg,9003c31f-6d6f-4ad9-b535-4e5c5698659b
head_000658.jpg,a5f6a30d-faa1-4d73-aebd-5dff073c6191
head_000659.jpg,68996e21-12ab-4183-ab94-d2b0331efb10
head_000660.jpg,96229e46-d462-4f06-a46b-8661b61fb0ec
head_000661.jpg,7251cda9-d3d5-4249-baf0-4f4c1480adc9
head_000662.jpg,8b046377-529a-460d-8114-887322c52cde
head_000663.jpg,5714276c-6415-4eae-980b-1e4b923847b2
head_000664.jpg,1ec97520-1eae-4b9e-9f5c-1f181a8daf3a
head_000665.jpg,477d721a-6027-42a5-a2d7-94dc7e550fcc
head_000666.jpg,aed03e34-d258-4795-bd37-d63eb4c49802
head_000667.jpg,fd17ea5e-9fc6-4027-9f2f-5d5a5e67d653
head_000668.jpg,d11e7615-c86e-40f5-bf09-41cc4e39f863
head_000669.jpg,761abc97-f81c-4a09-823b-7cb1c528c290
head_000670.jpg,aa5f5b18-31cf-4278-b92a-d22d3fc5ddf9
head_000671.jpg,fd56348b-a8c7-4635-800f-bf5f8c3dd4a0
head_000672.jpg,f1aa3589-f203-4455-a293-86f392932895
head_000673.jpg,96229e46-d462-4f06-a46b-8661b61fb0ec
head_000674.jpg,ef582f4d-8d4e-4962-aeb4-3fd48824c85f
head_000675.jpg,a06366b7-a0e0-471e-9595-8eb50b6d499f
head_000676.jpg,23784095-dc48-48a0-8326-9340074ab4d1
head_000677.jpg,5714276c-6415-4eae-980b-1e4b923847b2
head_000678.jpg,60b9e2bb-87ef-4b1d-923c-f0585a74d0b7
head_000679.jpg,b734856c-cfc6-4b40-abff-48e7b29496c6
head_000680.jpg,bbbaafbc-3889-4d6f-843b-d58fb94fb07c
head_000681.jpg,400b4d96-c51c-4184-8f66-7f95319e45f3
head_000682.jpg,b0fb2cd7-62b2-46ff-9893-f23def9d9b8f
head_000683.jpg,fee1977a-deac-4eb4-a1ba-5a5f669a9817
head_000684.jpg,fee1977a-deac-4eb4-a1ba-5a5f669a9817
head_000685.jpg,fee1977a-deac-4eb4-a1ba-5a5f669a9817
head_000686.jpg,34365bcc-5b2d-4f80-b721-ef7039e64fe8
head_000687.jpg,844640ea-498e-4d2e-a578-3783c217fb3c
head_000688.jpg,e146c860-5de6-4870-978b-bb2f35f75d20
head_000689.jpg,23784095-dc48-48a0-8326-9340074ab4d1
head_000690.jpg,81725e48-3c1f-4c7c-89d6-334c10234cf9
head_000691.jpg,20086390-26ac-4539-9130-b31b9d993672
head_000692.jpg,61f3efff-c86f-48ed-8b36-0dec4078b231
head_000693.jpg,7f9b060d-6457-4c82-bd00-37dfaec1d1d0
head_000694.jpg,56d1a077-635d-4401-a74b-ce92bad46e70
head_000695.jpg,83c4c239-d588-4d69-b848-dadb4810487c
head_000696.jpg,42779875-0894-4e77-99f4-da82f72a17fa
head_000697.jpg,74d538f0-cb3e-4982-9584-7e0f886b8397
head_000698.jpg,cec93868-770e-44c5-8bbd-097be098f498
head_000699.jpg,02f49469-a41a-4829-b9b5-33b9f6f24a88
head_000700.jpg,c755133f-a088-47fb-be84-0c36422a9901
head_000701.jpg,10d0c599-86ff-4965-a23b-4cd1c951768c
head_000702.jpg,f4a2038b-8da9-451e-ae71-80cb90cb07b3
head_000703.jpg,e77d385c-2200-4fa5-b90a-0dea100e69e5
head_000704.jpg,fd56348b-a8c7-4635-800f-bf5f8c3dd4a0
head_000705.jpg,fa2abd16-8947-4685-9d94-a389233cba74
head_000706.jpg,d3977dfd-d0f9-4318-8ea9-f7c337898633
head_000707.jpg,a5f6a30d-faa1-4d73-aebd-5dff073c6191
head_000708.jpg,ea524367-fb6b-438f-a077-aae1f8fe4b08
head_000709.jpg,7f9b060d-6457-4c82-bd00-37dfaec1d1d0
head_000710.jpg,0a5cd6a9-b021-4725-acca-6d5b257d2e67
head_000711.jpg,02e5fbda-3d57-4b0a-be41-2b151ac1ff30
head_000712.jpg,2b733eca-99a6-482f-b57f-567970a2e8dd
head_000713.jpg,310eb8ee-7097-4ea5-b91e-31ce40b9685c
head_000714.jpg,2c44f7c6-44e5-4d34-9304-7807962aa038
head_000715.jpg,bbbaafbc-3889-4d6f-843b-d58fb94fb07c
head_000716.jpg,7251cda9-d3d5-4249-baf0-4f4c1480adc9
head_000717.jpg,fb14f620-2472-467f-a38d-b2d0a2b8081c
head_000718.jpg,f5536888-9190-4314-a13f-7ca19b1f07a9
head_000719.jpg,fdcab2e1-312d-4116-bdef-7bfdfcefe705
head_000720.jpg,60b9e2bb-87ef-4b1d-923c-f0585a74d0b7
head_000721.jpg,e217374d-17e1-4fa2-b4aa-868033edc1ed
head_000722.jpg,b07dd6f4-8c65-4c6c-b4eb-a65188e81c2c
head_000723.jpg,34365bcc-5b2d-4f80-b721-ef7039e64fe8
head_000724.jpg,cc198eff-cbca-4c78-8e28-00592ef701f7
head_000725.jpg,4004afe6-b476-475e-867c-8d3b17e378c6
head_000726.jpg,7201896a-1323-4e70-b147-4cc6d13b2784
head_000727.jpg,d7cd8e39-12e4-40a8-b2f7-7c24f291d2aa
head_000728.jpg,8b046377-529a-460d-8114-887322c52cde
head_000729.jpg,e217374d-17e1-4fa2-b4aa-868033edc1ed
head_000730.jpg,761abc97-f81c-4a09-823b-7cb1c528c290
head_000731.jpg,f1aa3589-f203-4455-a293-86f392932895
head_000732.jpg,1da24c9f-d62d-48a6-81b9-afbdc5c0e7af
head_000733.jpg,e217374d-17e1-4fa2-b4aa-868033edc1ed
head_000734.jpg,160e1683-7837-43ea-8ce7-755d101c419c
head_000735.jpg,fee1977a-deac-4eb4-a1ba-5a5f669a9817
head_000736.jpg,fdcab2e1-312d-4116-bdef-7bfdfcefe705
head_000737.jpg,ace33278-b65f-43d4-9c12-530e420ddef5
head_000738.jpg,143bf01f-d0f1-4ec9-bedd-ad0aa26e0cc2
head_000739.jpg,8b046377-529a-460d-8114-887322c52cde
head_000740.jpg,81725e48-3c1f-4c7c-89d6-334c10234cf9
head_000741.jpg,8e52a7f7-8046-4567-b92a-e5941b184745
head_000742.jpg,5260c0df-76a3-4cb1-82fc-fd2f6a6440ad
head_000743.jpg,c755133f-a088-47fb-be84-0c36422a9901
head_000744.jpg,34365bcc-5b2d-4f80-b721-ef7039e64fe8
head_000745.jpg,204b687d-7113-4c69-95a9-6d40ef0e59e8
head_000746.jpg,56d1a077-635d-4401-a74b-ce92bad46e70
head_000747.jpg,7153eda6-946a-4e9d-9c3d-c5c034cbc5e3
head_000748.jpg,6e8d3aef-1f16-4b06-a5d4-9cf11fd29530
head_000749.jpg,23784095-dc48-48a0-8326-9340074ab4d1
head_000750.jpg,252b0d87-abfc-4622-b3b6-2c815900026f
head_000751.jpg,41eef245-4fd5-42e4-9db8-c2076bd902b9
head_000752.jpg,f4a2038b-8da9-451e-ae71-80cb90cb07b3
head_000753.jpg,f1aa3589-f203-4455-a293-86f392932895
head_000754.jpg,bbbaafbc-3889-4d6f-843b-d58fb94fb07c
head_000755.jpg,7153eda6-946a-4e9d-9c3d-c5c034cbc5e3
head_000756.jpg,f1aa3589-f203-4455-a293-86f392932895
head_000757.jpg,281d2f9c-e9d9-4125-9ecf-e5fd4c4f9fa0
head_000758.jpg,cc198eff-cbca-4c78-8e28-00592ef701f7
head_000759.jpg,21ff4f8a-be18-46de-872c-c10cd153631a
head_000760.jpg,fee1977a-deac-4eb4-a1ba-5a5f669a9817
head_000761.jpg,34365bcc-5b2d-4f80-b721-ef7039e64fe8
head_000762.jpg,34365bcc-5b2d-4f80-b721-ef7039e64fe8
head_000763.jpg,c3835fcb-41e1-4d3a-877c-ca359a7c4e74
head_000764.jpg,fd17ea5e-9fc6-4027-9f2f-5d5a5e67d653
head_000765.jpg,4004afe6-b476-475e-867c-8d3b17e378c6
head_000766.jpg,8d704d6e-76b3-4fef-b7e7-5522bc453d98
head_000767.jpg,02e5fbda-3d57-4b0a-be41-2b151ac1ff30
head_000768.jpg,fee1977a-deac-4eb4-a1ba-5a5f669a9817
head_000769.jpg,8b046377-529a-460d-8114-887322c52cde
head_000770.jpg,b07dd6f4-8c65-4c6c-b4eb-a65188e81c2c
head_000771.jpg,310eb8ee-7097-4ea5-b91e-31ce40b9685c
head_000772.jpg,56d1a077-635d-4401-a74b-ce92bad46e70
head_000773.jpg,f4a2038b-8da9-451e-ae71-80cb90cb07b3
head_000774.jpg,e0233424-00dc-4c88-9e76-5741a76d5781
head_000775.jpg,1b72f52c-12ba-43bb-8b2f-64975becab88
head_000776.jpg,bbbaafbc-3889-4d6f-843b-d58fb94fb07c
head_000777.jpg,10d0c599-86ff-4965-a23b-4cd1c951768c
head_000778.jpg,aa5f5b18-31cf-4278-b92a-d22d3fc5ddf9
head_000779.jpg,bff16f45-9acf-4eac-8d62-52b1fefb9e0f
head_000780.jpg,8e9cd5f5-095b-4295-8bbc-a3a67cffd935
head_000781.jpg,992f8369-b55b-43c6-b0ce-a9a51a54320c
head_000782.jpg,9003c31f-6d6f-4ad9-b535-4e5c5698659b
head_000783.jpg,eeed33f6-863c-49df-a1e3-1f711738b244
head_000784.jpg,8e52a7f7-8046-4567-b92a-e5941b184745
head_000785.jpg,0d234988-cf58-4e62-b45b-4f23b54b1f2a
head_000786.jpg,bbbaafbc-3889-4d6f-843b-d58fb94fb07c
head_000787.jpg,e217374d-17e1-4fa2-b4aa-868033edc1ed
head_000788.jpg,6810b958-c4ad-4c34-9590-94b819ff444b
head_000789.jpg,10d0c599-86ff-4965-a23b-4cd1c951768c
head_000790.jpg,0e0b6c85-b5d2-479d-93b1-ee4fbea7f463
head_000791.jpg,fee1977a-deac-4eb4-a1ba-5a5f669a9817
head_000792.jpg,9003c31f-6d6f-4ad9-b535-4e5c5698659b
head_000793.jpg,bfa8b15b-15b7-4f41-b44e-fdec1e1bb74c
head_000794.jpg,9aeef74b-58bf-4133-abd3-e611b7ba11f7
head_000795.jpg,0de12031-f35f-41d5-aced-5ea6ba6e1236
head_000796.jpg,c755133f-a088-47fb-be84-0c36422a9901
head_000797.jpg,b734856c-cfc6-4b40-abff-48e7b29496c6
head_000798.jpg,e217374d-17e1-4fa2-b4aa-868033edc1ed
left_000001.jpg,18d82d10-7fdf-4306-9fe7-73a7f6152e53
left_000002.jpg,74d538f0-cb3e-4982-9584-7e0f886b8397
left_000003.jpg,d395c979-0cc5-456a-bbb3-c71f42849a88
left_000004.jpg,1848c437-2486-4485-a725-f1db51065599
left_000005.jpg,d8653bff-a5e8-4b3a-bffd-a861abad29bf
left_000006.jpg,1220f464-0f56-455a-891b-98e895b73bae
left_000007.jpg,fee1977a-deac-4eb4-a1ba-5a5f669a9817
left_000008.jpg,a5f6a30d-faa1-4d73-aebd-5dff073c6191
left_000009.jpg,4c139246-f943-4f0b-a658-d1a2fac27dc7
left_000010.jpg,fe44d727-75e4-4452-9428-95a5f3c7ea73
left_000011.jpg,02e5fbda-3d57-4b0a-be41-2b151ac1ff30
left_000012.jpg,ed4a92c6-3d4e-40e0-b055-3175620123c1
left_000013.jpg,0d234988-cf58-4e62-b45b-4f23b54b1f2a
left_000014.jpg,8b046377-529a-460d-8114-887322c52cde
left_000015.jpg,8d704d6e-76b3-4fef-b7e7-5522bc453d98
left_000016.jpg,2f698ae6-cb0a-44e4-b813-ebd2faf0af13
left_000017.jpg,7251cda9-d3d5-4249-baf0-4f4c1480adc9
left_000018.jpg,e217374d-17e1-4fa2-b4aa-868033edc1ed
left_000019.jpg,477d721a-6027-42a5-a2d7-94dc7e550fcc
left_000020.jpg,3a43347c-9ad1-47aa-969b-843ce5a0eac7
left_000021.jpg,7a0e8d37-e27f-4378-bab8-7cc37821cd8e
left_000022.jpg,fee1977a-deac-4eb4-a1ba-5a5f669a9817
left_000023.jpg,d3977dfd-d0f9-4318-8ea9-f7c337898633
left_000024.jpg,d9ca2395-17db-4aa9-8749-51a78eba5feb
left_000025.jpg,7251cda9-d3d5-4249-baf0-4f4c1480adc9
left_000026.jpg,d653ccd7-98af-4641-bdad-47dd2242501a
left_000027.jpg,7251cda9-d3d5-4249-baf0-4f4c1480adc9
left_000028.jpg,4004afe6-b476-475e-867c-8d3b17e378c6
left_000029.jpg,b5c37454-cf12-49c5-96c0-aff806c293c2
left_000030.jpg,18d82d10-7fdf-4306-9fe7-73a7f6152e53
left_000031.jpg,2c47b308-3b61-45db-b6fd-f1560b32f358
left_000032.jpg,c7fc642b-3a46-4bda-ac76-abcbffdf2260
left_000033.jpg,5610d2b4-3e70-4ba0-8d05-47957e68b512
left_000034.jpg,02e5fbda-3d57-4b0a-be41-2b151ac1ff30
left_000035.jpg,3772d75f-1801-4307-a18f-5fbcc1c10897
left_000036.jpg,e217374d-17e1-4fa2-b4aa-868033edc1ed
left_000037.jpg,bbbaafbc-3889-4d6f-843b-d58fb94fb07c
left_000038.jpg,7251cda9-d3d5-4249-baf0-4f4c1480adc9
left_000039.jpg,a539ecd4-d1a5-49d8-aa11-e4a6d9bf3c70
left_000040.jpg,992f8369-b55b-43c6-b0ce-a9a51a54320c
left_000041.jpg,c755133f-a088-47fb-be84-0c36422a9901
left_000042.jpg,7f9b060d-6457-4c82-bd00-37dfaec1d1d0
left_000043.jpg,84040874-ad2a-4c44-9f3d-50d044367062
left_000044.jpg,844640ea-498e-4d2e-a578-3783c217fb3c
left_000045.jpg,44b705bc-5e1f-4759-aa8d-a888223e921f
left_000046.jpg,02e5fbda-3d57-4b0a-be41-2b151ac1ff30
left_000047.jpg,8b046377-529a-460d-8114-887322c52cde
left_000048.jpg,e0233424-00dc-4c88-9e76-5741a76d5781
left_000049.jpg,b0fb2cd7-62b2-46ff-9893-f23def9d9b8f
left_000050.jpg,2c47b308-3b61-45db-b6fd-f1560b32f358
left_000051.jpg,23784095-dc48-48a0-8326-9340074ab4d1
left_000052.jpg,4c139246-f943-4f0b-a658-d1a2fac27dc7
left_000053.jpg,1ff8ad98-b860-4de4-ba7d-9c0177c44bab
left_000054.jpg,8b046377-529a-460d-8114-887322c52cde
left_000055.jpg,e0233424-00dc-4c88-9e76-5741a76d5781
left_000056.jpg,eeed33f6-863c-49df-a1e3-1f711738b244
left_000057.jpg,34365bcc-5b2d-4f80-b721-ef7039e64fe8
left_000058.jpg,7e67fb5a-4323-46b1-9686-68f84d2ee169
left_000059.jpg,f1aa3589-f203-4455-a293-86f392932895
left_000060.jpg,2db6e83c-f316-45ea-9a60-b1fc2482a2f8
left_000061.jpg,06569257-d4a3-45a1-af58-688cb9a7bf5a
left_000062.jpg,b07dd6f4-8c65-4c6c-b4eb-a65188e81c2c
left_000063.jpg,ed4a92c6-3d4e-40e0-b055-3175620123c1
left_000064.jpg,34365bcc-5b2d-4f80-b721-ef7039e64fe8
left_000065.jpg,e77d385c-2200-4fa5-b90a-0dea100e69e5
left_000066.jpg,e77d385c-2200-4fa5-b90a-0dea100e69e5
left_000067.jpg,23950465-b1cb-4e7e-a861-b18ce82aac55
left_000068.jpg,7b38f393-27e8-45e1-9769-fa9af9f591f9
left_000069.jpg,aed03e34-d258-4795-bd37-d63eb4c49802
left_000070.jpg,60b9e2bb-87ef-4b1d-923c-f0585a74d0b7
left_000071.jpg,34365bcc-5b2d-4f80-b721-ef7039e64fe8
left_000072.jpg,5fdac45d-b5e7-4133-a8f4-05b28552990c
left_000073.jpg,9003c31f-6d6f-4ad9-b535-4e5c5698659b
left_000074.jpg,6810b958-c4ad-4c34-9590-94b819ff444b
left_000075.jpg,51029c66-ec8d-4601-afb1-6c0164c303b4
left_000076.jpg,763682fe-336a-4e52-b076-e904de642832
left_000077.jpg,5ff6a7d1-4616-4201-a82f-30fad5e933a1
left_000078.jpg,f1aa3589-f203-4455-a293-86f392932895
left_000079.jpg,7b38f393-27e8-45e1-9769-fa9af9f591f9
left_000080.jpg,ecda2205-db0b-4160-a40f-b6825fb43770
left_000081.jpg,b257ec4e-0b36-4e80-85be-b75c8df39b01
left_000082.jpg,fee1977a-deac-4eb4-a1ba-5a5f669a9817
left_000083.jpg,3772d75f-1801-4307-a18f-5fbcc1c10897
left_000084.jpg,f1aa3589-f203-4455-a293-86f392932895
left_000085.jpg,48a2a80a-436d-4af1-b67a-8084c52f60d4
left_000086.jpg,4004afe6-b476-475e-867c-8d3b17e378c6
left_000087.jpg,6e8d3aef-1f16-4b06-a5d4-9cf11fd29530
left_000088.jpg,5260c0df-76a3-4cb1-82fc-fd2f6a6440ad
left_000089.jpg,c3835fcb-41e1-4d3a-877c-ca359a7c4e74
left_000090.jpg,ecda2205-db0b-4160-a40f-b6825fb43770
left_000091.jpg,34365bcc-5b2d-4f80-b721-ef7039e64fe8
left_000092.jpg,a6eae8cd-910e-44a2-a5f4-4766b66fc7b2
left_000093.jpg,477d721a-6027-42a5-a2d7-94dc7e550fcc
left_000094.jpg,44af1942-49f4-45ef-aed6-df0ce47d4bc9
left_000095.jpg,73f670e9-5ee3-49f3-8db2-3ea557a428b8
left_000096.jpg,fee1977a-deac-4eb4-a1ba-5a5f669a9817
left_000097.jpg,67006b29-4adc-41dc-9b30-39a94363a81a
left_000098.jpg,8e52a7f7-8046-4567-b92a-e5941b184745
left_000099.jpg,0b85b8c4-5ea9-46bd-8ba2-86ee385b1eb3
left_000100.jpg,981331f5-85cc-41d1-bbf6-6733aa8e2c42
left_000101.jpg,f4a2038b-8da9-451e-ae71-80cb90cb07b3
left_000102.jpg,9003c31f-6d6f-4ad9-b535-4e5c5698659b
left_000103.jpg,34365bcc-5b2d-4f80-b721-ef7039e64fe8
left_000104.jpg,c6241bf0-3991-48e7-862b-052e4c1eef69
left_000105.jpg,21ff4f8a-be18-46de-872c-c10cd153631a
left_000106.jpg,4004afe6-b476-475e-867c-8d3b17e378c6
left_000107.jpg,b07dd6f4-8c65-4c6c-b4eb-a65188e81c2c
left_000108.jpg,fac82e27-beb0-4e8e-bf1f-13a381f0d459
left_000109.jpg,ecda2205-db0b-4160-a40f-b6825fb43770
left_000110.jpg,fee1977a-deac-4eb4-a1ba-5a5f669a9817
left_000111.jpg,56d1a077-635d-4401-a74b-ce92bad46e70
left_000112.jpg,aeea8cca-a56f-4662-8f86-3a7f8f7237a0
left_000113.jpg,b38b7f3d-5275-467d-a9fa-7a66af3d5b3e
left_000114.jpg,cc198eff-cbca-4c78-8e28-00592ef701f7
left_000115.jpg,160e1683-7837-43ea-8ce7-755d101c419c
left_000116.jpg,f1aa3589-f203-4455-a293-86f392932895
left_000117.jpg,b422e55f-0afc-4b34-922e-9da329a2f53e
left_000118.jpg,8c5534ba-2153-455d-b8e5-468a1c35b511
left_000119.jpg,7b9a9e8d-86d5-4c6c-8b10-8a129f8a10c4
left_000120.jpg,0965523b-f66a-4413-99b4-c7483c3cfd27
left_000121.jpg,d8653bff-a5e8-4b3a-bffd-a861abad29bf
left_000122.jpg,e77d385c-2200-4fa5-b90a-0dea100e69e5
left_000123.jpg,a06366b7-a0e0-471e-9595-8eb50b6d499f
left_000124.jpg,23784095-dc48-48a0-8326-9340074ab4d1
left_000125.jpg,525405f2-808c-4ab9-9364-f7fd9d076f6b
left_000126.jpg,2c47b308-3b61-45db-b6fd-f1560b32f358
left_000127.jpg,7251cda9-d3d5-4249-baf0-4f4c1480adc9
left_000128.jpg,837298c0-13cb-470f-8a28-f513694ee20e
left_000129.jpg,61f3efff-c86f-48ed-8b36-0dec4078b231
left_000130.jpg,c1593d0b-5f78-4f62-8304-932d7fbcc9fe
left_000131.jpg,844640ea-498e-4d2e-a578-3783c217fb3c
left_000132.jpg,992f8369-b55b-43c6-b0ce-a9a51a54320c
left_000133.jpg,aa5f5b18-31cf-4278-b92a-d22d3fc5ddf9
left_000134.jpg,7153eda6-946a-4e9d-9c3d-c5c034cbc5e3
left_000135.jpg,e3e8dcae-7c7c-4492-812c-313c35c88f51
left_000136.jpg,610a34bf-1456-4efe-b5c7-10c5b588be2e
left_000137.jpg,c7fc642b-3a46-4bda-ac76-abcbffdf2260
left_000138.jpg,8b046377-529a-460d-8114-887322c52cde
left_000139.jpg,eeed33f6-863c-49df-a1e3-1f711738b244
left_000140.jpg,e217374d-17e1-4fa2-b4aa-868033edc1ed
left_000141.jpg,7b38f393-27e8-45e1-9769-fa9af9f591f9
left_000142.jpg,249a4d40-2256-444e-a4d5-68209d8d134d
left_000143.jpg,831e0a81-f0e5-435c-a1f3-6cd854e9ef3a
left_000144.jpg,1ec97520-1eae-4b9e-9f5c-1f181a8daf3a
left_000145.jpg,b4f217b9-8188-4f1e-a9a6-a1e67e809c8a
left_000146.jpg,ace33278-b65f-43d4-9c12-530e420ddef5
left_000147.jpg,252b0d87-abfc-4622-b3b6-2c815900026f
left_000148.jpg,e146c860-5de6-4870-978b-bb2f35f75d20
left_000149.jpg,1b72f52c-12ba-43bb-8b2f-64975becab88
left_000150.jpg,238a48f4-e86d-42d8-a18a-ae526e48f5c4
left_000151.jpg,74d538f0-cb3e-4982-9584-7e0f886b8397
left_000152.jpg,204b687d-7113-4c69-95a9-6d40ef0e59e8
left_000153.jpg,8b530229-7b7d-4744-a09d-d489933fc659
left_000154.jpg,d68ac804-a792-44c8-af29-a8e80a7848f1
left_000155.jpg,7b38f393-27e8-45e1-9769-fa9af9f591f9
left_000156.jpg,ace33278-b65f-43d4-9c12-530e420ddef5
left_000157.jpg,fd17ea5e-9fc6-4027-9f2f-5d5a5e67d653
left_000158.jpg,7b38f393-27e8-45e1-9769-fa9af9f591f9
left_000159.jpg,bbbaafbc-3889-4d6f-843b-d58fb94fb07c
left_000160.jpg,fa2abd16-8947-4685-9d94-a389233cba74
left_000161.jpg,eeed33f6-863c-49df-a1e3-1f711738b244
left_000162.jpg,2c47b308-3b61-45db-b6fd-f1560b32f358
left_000163.jpg,42779875-0894-4e77-99f4-da82f72a17fa
left_000164.jpg,f1aa3589-f203-4455-a293-86f392932895
left_000165.jpg,306f89ef-3312-4218-8c1c-59f94f3fc32c
left_000166.jpg,1b7c302c-68ae-46a7-b18e-a97d342081a9
left_000167.jpg,9003c31f-6d6f-4ad9-b535-4e5c5698659b
left_000168.jpg,10d0c599-86ff-4965-a23b-4cd1c951768c
left_000169.jpg,400b6573-9ae7-400a-b437-b18098f2a67f
left_000170.jpg,7251cda9-d3d5-4249-baf0-4f4c1480adc9
left_000171.jpg,3c5a76ad-2355-4293-a88a-03d7f6296c65
left_000172.jpg,2b733eca-99a6-482f-b57f-567970a2e8dd
left_000173.jpg,a5f6a30d-faa1-4d73-aebd-5dff073c6191
left_000174.jpg,ea524367-fb6b-438f-a077-aae1f8fe4b08
left_000175.jpg,42779875-0894-4e77-99f4-da82f72a17fa
left_000176.jpg,08626c7e-f14d-4a22-8b38-f8474c0196de
left_000177.jpg,4c139246-f943-4f0b-a658-d1a2fac27dc7
left_000178.jpg,761abc97-f81c-4a09-823b-7cb1c528c290
left_000179.jpg,d548ac7d-62f0-48cb-a8eb-4b7e0a5191b4
left_000180.jpg,a0539b15-8bd3-4931-9e63-8d956755d9a6
left_000181.jpg,f83057a7-a975-4900-a056-99f453bdf15f
left_000182.jpg,23950465-b1cb-4e7e-a861-b18ce82aac55
left_000183.jpg,4004afe6-b476-475e-867c-8d3b17e378c6
left_000184.jpg,126523de-9fe0-4630-8fb3-256a723adb4a
left_000185.jpg,08626c7e-f14d-4a22-8b38-f8474c0196de
left_000186.jpg,91be8644-a55d-45bf-9b4e-34c56c607690
left_000187.jpg,e217374d-17e1-4fa2-b4aa-868033edc1ed
left_000188.jpg,3347e8b1-1d84-412a-8e3f-5b0c146f9b95
left_000189.jpg,8d704d6e-76b3-4fef-b7e7-5522bc453d98
left_000190.jpg,3c5a76ad-2355-4293-a88a-03d7f6296c65
left_000191.jpg,2b733eca-99a6-482f-b57f-567970a2e8dd
left_000192.jpg,d8653bff-a5e8-4b3a-bffd-a861abad29bf
left_000193.jpg,08626c7e-f14d-4a22-8b38-f8474c0196de
left_000194.jpg,42779875-0894-4e77-99f4-da82f72a17fa
left_000195.jpg,b8f52f8c-3f36-4970-8813-0093fedc6081
left_000196.jpg,fee1977a-deac-4eb4-a1ba-5a5f669a9817
left_000197.jpg,736ca848-7821-430b-9aaa-f8870e80aec4
left_000198.jpg,656932aa-cf53-4f70-985b-a388f6c88f69
left_000199.jpg,cc198eff-cbca-4c78-8e28-00592ef701f7
left_000200.jpg,41eef245-4fd5-42e4-9db8-c2076bd902b9
left_000201.jpg,7145ff09-9841-43c9-8137-9bb3ea90a5b8
left_000202.jpg,8aa6f9e4-e249-494f-a762-11e847296544
left_000203.jpg,f1aa3589-f203-4455-a293-86f392932895
left_000204.jpg,a7288960-d2a0-41fe-9617-3c45ee3fb409
left_000205.jpg,ccf6e18f-f6bb-4cd7-8166-31a1a8cce2ce
left_000206.jpg,bbbaafbc-3889-4d6f-843b-d58fb94fb07c
left_000207.jpg,0de12031-f35f-41d5-aced-5ea6ba6e1236
left_000208.jpg,3be4ffda-e5d4-4ff8-bed2-da0417e3636f
left_000209.jpg,bb7b8783-ecf2-466b-956a-b07381a49e31
left_000210.jpg,e77d385c-2200-4fa5-b90a-0dea100e69e5
left_000211.jpg,c755133f-a088-47fb-be84-0c36422a9901
left_000212.jpg,8b7d4bbc-67e2-4588-9156-9748edce3fb5
left_000213.jpg,81725e48-3c1f-4c7c-89d6-334c10234cf9
left_000214.jpg,4b3d02b4-f522-464b-ab0e-79e1089c5b57
left_000215.jpg,e77d385c-2200-4fa5-b90a-0dea100e69e5
left_000216.jpg,83c4c239-d588-4d69-b848-dadb4810487c
left_000217.jpg,7802d893-e75c-48c3-b822-8a9704bbbd4d
left_000218.jpg,89390731-0ff1-454f-a2ac-8017c49d8da6
left_000219.jpg,9aeef74b-58bf-4133-abd3-e611b7ba11f7
left_000220.jpg,3a43347c-9ad1-47aa-969b-843ce5a0eac7
left_000221.jpg,c755133f-a088-47fb-be84-0c36422a9901
left_000222.jpg,74b049c5-916c-4dad-96f4-d34a63ef6e26
left_000223.jpg,83c4c239-d588-4d69-b848-dadb4810487c
left_000224.jpg,3d7cacfc-f9da-4922-8603-69f8007b2e55
left_000225.jpg,a052575c-682f-488a-8034-ce8b0d68e6dd
left_000226.jpg,88db538e-05ee-4e9f-8163-e1bb7e4743fc
left_000227.jpg,c6241bf0-3991-48e7-862b-052e4c1eef69
left_000228.jpg,e217374d-17e1-4fa2-b4aa-868033edc1ed
left_000229.jpg,02e5fbda-3d57-4b0a-be41-2b151ac1ff30
left_000230.jpg,fee1977a-deac-4eb4-a1ba-5a5f669a9817
left_000231.jpg,5714276c-6415-4eae-980b-1e4b923847b2
left_000232.jpg,c3835fcb-41e1-4d3a-877c-ca359a7c4e74
left_000233.jpg,fa2abd16-8947-4685-9d94-a389233cba74
left_000234.jpg,eeed33f6-863c-49df-a1e3-1f711738b244
left_000235.jpg,bbbaafbc-3889-4d6f-843b-d58fb94fb07c
left_000236.jpg,c755133f-a088-47fb-be84-0c36422a9901
left_000237.jpg,8c755bf5-a137-4d36-b924-def3665fc42e
left_000238.jpg,aed03e34-d258-4795-bd37-d63eb4c49802
left_000239.jpg,e0233424-00dc-4c88-9e76-5741a76d5781
left_000240.jpg,b257ec4e-0b36-4e80-85be-b75c8df39b01
left_000241.jpg,74b049c5-916c-4dad-96f4-d34a63ef6e26
left_000242.jpg,c755133f-a088-47fb-be84-0c36422a9901
left_000243.jpg,e7d7fd1f-5a2d-4073-ac1f-59f6268ba8de
left_000244.jpg,6a1fc5e8-c077-41c4-9c3b-ff5d0b0364a2
left_000245.jpg,cec93868-770e-44c5-8bbd-097be098f498
left_000246.jpg,66a99503-a6e9-47cd-b28a-ac543d20f110
left_000247.jpg,b881438e-7b28-4d49-a263-9cbca96e62ba
left_000248.jpg,280baaed-937b-4984-b7af-3ab6cefd61f9
left_000249.jpg,238a48f4-e86d-42d8-a18a-ae526e48f5c4
left_000250.jpg,aed03e34-d258-4795-bd37-d63eb4c49802
left_000251.jpg,1da24c9f-d62d-48a6-81b9-afbdc5c0e7af
left_000252.jpg,c273c534-7efa-4da8-bdba-6fdb44d92fed
left_000253.jpg,d11e7615-c86e-40f5-bf09-41cc4e39f863
left_000254.jpg,f5536888-9190-4314-a13f-7ca19b1f07a9
left_000255.jpg,9d4d0203-ff17-4318-bd95-f1871e4aba4b
left_000256.jpg,8c3be170-b41e-411e-9940-1f5960cfa850
left_000257.jpg,23784095-dc48-48a0-8326-9340074ab4d1
left_000258.jpg,e217374d-17e1-4fa2-b4aa-868033edc1ed
left_000259.jpg,cf22e101-9fef-48d5-9b40-a9a143c96a92
left_000260.jpg,e217374d-17e1-4fa2-b4aa-868033edc1ed
left_000261.jpg,e0233424-00dc-4c88-9e76-5741a76d5781
left_000262.jpg,20c4e967-97c4-4546-b7ca-6b57b6f4c19a
left_000263.jpg,e146c860-5de6-4870-978b-bb2f35f75d20
left_000264.jpg,0fe176d4-93fd-4d08-b0fa-a5c571579188
left_000265.jpg,837298c0-13cb-470f-8a28-f513694ee20e
left_000266.jpg,a06366b7-a0e0-471e-9595-8eb50b6d499f
left_000267.jpg,a220a462-baa7-4dc0-b011-12c38649674c
left_000268.jpg,f0981810-e7ce-4e48-b699-c17fbbca7f3c
left_000269.jpg,fd56348b-a8c7-4635-800f-bf5f8c3dd4a0
left_000270.jpg,b0d09afd-0469-48b6-9718-02f644ba1969
left_000271.jpg,20086390-26ac-4539-9130-b31b9d993672
left_000272.jpg,aa5f5b18-31cf-4278-b92a-d22d3fc5ddf9
left_000273.jpg,5260c0df-76a3-4cb1-82fc-fd2f6a6440ad
left_000274.jpg,b734856c-cfc6-4b40-abff-48e7b29496c6
left_000275.jpg,8e9cd5f5-095b-4295-8bbc-a3a67cffd935
left_000276.jpg,2c47b308-3b61-45db-b6fd-f1560b32f358
left_000277.jpg,74d538f0-cb3e-4982-9584-7e0f886b8397
left_000278.jpg,d7cd8e39-12e4-40a8-b2f7-7c24f291d2aa
left_000279.jpg,f83057a7-a975-4900-a056-99f453bdf15f
left_000280.jpg,7153eda6-946a-4e9d-9c3d-c5c034cbc5e3
left_000281.jpg,4bb25d71-806b-442d-950b-f137f820a90f
left_000282.jpg,e217374d-17e1-4fa2-b4aa-868033edc1ed
left_000283.jpg,143bf01f-d0f1-4ec9-bedd-ad0aa26e0cc2
left_000284.jpg,8a8944da-f6b6-46a5-8b6c-2952d7a1733c
left_000285.jpg,02f49469-a41a-4829-b9b5-33b9f6f24a88
left_000286.jpg,238a48f4-e86d-42d8-a18a-ae526e48f5c4
left_000287.jpg,2c44f7c6-44e5-4d34-9304-7807962aa038
left_000288.jpg,844640ea-498e-4d2e-a578-3783c217fb3c
left_000289.jpg,1c6b6027-329e-4703-9580-bbf1e8a08647
left_000290.jpg,1da24c9f-d62d-48a6-81b9-afbdc5c0e7af
left_000291.jpg,a5f6a30d-faa1-4d73-aebd-5dff073c6191
left_000292.jpg,91be8644-a55d-45bf-9b4e-34c56c607690
left_000293.jpg,23784095-dc48-48a0-8326-9340074ab4d1
left_000294.jpg,4f461caa-6f3a-47c7-8926-050f87f9c8f0
left_000295.jpg,f5536888-9190-4314-a13f-7ca19b1f07a9
left_000296.jpg,7251cda9-d3d5-4249-baf0-4f4c1480adc9
left_000297.jpg,f1aa3589-f203-4455-a293-86f392932895
left_000298.jpg,400b4d96-c51c-4184-8f66-7f95319e45f3
left_000299.jpg,bfab3e8b-c8a4-40d7-9a55-ad0e9c744283
left_000300.jpg,e77d385c-2200-4fa5-b90a-0dea100e69e5
left_000301.jpg,143bf01f-d0f1-4ec9-bedd-ad0aa26e0cc2
left_000302.jpg,8a8f6936-9ca2-49d1-a7b5-e6733beaebdf
left_000303.jpg,ddda7c68-86ac-4448-9795-e1cc33d704bc
left_000304.jpg,23784095-dc48-48a0-8326-9340074ab4d1
left_000305.jpg,7251cda9-d3d5-4249-baf0-4f4c1480adc9
left_000306.jpg,f4a2038b-8da9-451e-ae71-80cb90cb07b3
left_000307.jpg,7dd17d2d-1eb3-4ccd-afc3-527226c935e6
left_000308.jpg,5260c0df-76a3-4cb1-82fc-fd2f6a6440ad
left_000309.jpg,06fed4b8-bd2d-4410-a9b5-84f030997d01
left_000310.jpg,310eb8ee-7097-4ea5-b91e-31ce40b9685c
left_000311.jpg,bc95fccf-3431-4dee-b23f-c0a10f19b05c
left_000312.jpg,62087513-88bc-4a3f-8699-cb8db0665501
left_000313.jpg,10d0c599-86ff-4965-a23b-4cd1c951768c
left_000314.jpg,0e0b6c85-b5d2-479d-93b1-ee4fbea7f463
left_000315.jpg,f4a2038b-8da9-451e-ae71-80cb90cb07b3
left_000316.jpg,400b4d96-c51c-4184-8f66-7f95319e45f3
left_000317.jpg,1ec97520-1eae-4b9e-9f5c-1f181a8daf3a
left_000318.jpg,fb14f620-2472-467f-a38d-b2d0a2b8081c
left_000319.jpg,477d721a-6027-42a5-a2d7-94dc7e550fcc
left_000320.jpg,56d1a077-635d-4401-a74b-ce92bad46e70
left_000321.jpg,2b13d5a4-831c-4c87-8294-4b0c61541e3b
left_000322.jpg,ace33278-b65f-43d4-9c12-530e420ddef5
left_000323.jpg,8b046377-529a-460d-8114-887322c52cde
left_000324.jpg,ecda2205-db0b-4160-a40f-b6825fb43770
left_000325.jpg,74d538f0-cb3e-4982-9584-7e0f886b8397
left_000326.jpg,85527fa6-6c14-45eb-91eb-32106f41f728
left_000327.jpg,f4a2038b-8da9-451e-ae71-80cb90cb07b3
left_000328.jpg,9003c31f-6d6f-4ad9-b535-4e5c5698659b
left_000329.jpg,34365bcc-5b2d-4f80-b721-ef7039e64fe8
left_000330.jpg,2c47b308-3b61-45db-b6fd-f1560b32f358
left_000331.jpg,160e1683-7837-43ea-8ce7-755d101c419c
left_000332.jpg,83207e09-61eb-4594-80f5-6a452cdd1dcf
left_000333.jpg,7e67fb5a-4323-46b1-9686-68f84d2ee169
left_000334.jpg,7153eda6-946a-4e9d-9c3d-c5c034cbc5e3
left_000335.jpg,bff16f45-9acf-4eac-8d62-52b1fefb9e0f
left_000336.jpg,5260c0df-76a3-4cb1-82fc-fd2f6a6440ad
left_000337.jpg,fee1977a-deac-4eb4-a1ba-5a5f669a9817
left_000338.jpg,ace33278-b65f-43d4-9c12-530e420ddef5
left_000339.jpg,20086390-26ac-4539-9130-b31b9d993672
left_000340.jpg,844cb3cc-89dc-4609-b33a-3ffc2bb85fd7
left_000341.jpg,f1aa3589-f203-4455-a293-86f392932895
left_000342.jpg,5260c0df-76a3-4cb1-82fc-fd2f6a6440ad
left_000343.jpg,160e1683-7837-43ea-8ce7-755d101c419c
left_000344.jpg,252b0d87-abfc-4622-b3b6-2c815900026f
left_000345.jpg,5fdac45d-b5e7-4133-a8f4-05b28552990c
left_000346.jpg,c1593d0b-5f78-4f62-8304-932d7fbcc9fe
left_000347.jpg,1ad6ea04-7e16-4875-aeb8-d088f5ac7325
left_000348.jpg,67006b29-4adc-41dc-9b30-39a94363a81a
left_000349.jpg,ace33278-b65f-43d4-9c12-530e420ddef5
left_000350.jpg,7250d64b-90db-40d5-8db0-db0b74f86cd3
left_000351.jpg,fee1977a-deac-4eb4-a1ba-5a5f669a9817
left_000352.jpg,e217374d-17e1-4fa2-b4aa-868033edc1ed
left_000353.jpg,fee1977a-deac-4eb4-a1ba-5a5f669a9817
left_000354.jpg,10d0c599-86ff-4965-a23b-4cd1c951768c
left_000355.jpg,5260c0df-76a3-4cb1-82fc-fd2f6a6440ad
left_000356.jpg,d0d01842-f151-46dd-85e8-e7f141de39ef
left_000357.jpg,1da24c9f-d62d-48a6-81b9-afbdc5c0e7af
left_000358.jpg,96229e46-d462-4f06-a46b-8661b61fb0ec
left_000359.jpg,5b3f1cd0-8656-4803-b85a-ac405603f434
left_000360.jpg,74b049c5-916c-4dad-96f4-d34a63ef6e26
left_000361.jpg,fe44d727-75e4-4452-9428-95a5f3c7ea73
left_000362.jpg,81725e48-3c1f-4c7c-89d6-334c10234cf9
left_000363.jpg,faf75b6e-88a9-4213-ad92-b3c8d1accdfc
left_000364.jpg,0469ca59-fa1d-4e41-9885-f797f7b6670b
left_000365.jpg,fb14f620-2472-467f-a38d-b2d0a2b8081c
left_000366.jpg,e0c249f3-ec24-4a7e-97c8-abefd7cd27b1
left_000367.jpg,8b046377-529a-460d-8114-887322c52cde
left_000368.jpg,1da24c9f-d62d-48a6-81b9-afbdc5c0e7af
left_000369.jpg,8e9cd5f5-095b-4295-8bbc-a3a67cffd935
left_000370.jpg,5fdac45d-b5e7-4133-a8f4-05b28552990c
left_000371.jpg,281d2f9c-e9d9-4125-9ecf-e5fd4c4f9fa0
left_000372.jpg,73ccff66-e431-422c-9c79-3026cb1280a1
left_000373.jpg,f4a2038b-8da9-451e-ae71-80cb90cb07b3
left_000374.jpg,1da24c9f-d62d-48a6-81b9-afbdc5c0e7af
left_000375.jpg,66f06e87-bcea-487d-b5c6-6e5cbfb52ce4
left_000376.jpg,bfa8b15b-15b7-4f41-b44e-fdec1e1bb74c
left_000377.jpg,4f895a17-6192-4ff1-863a-004837871796
left_000378.jpg,d7cd8e39-12e4-40a8-b2f7-7c24f291d2aa
left_000379.jpg,45712db8-9da3-4558-bcc9-22d25d842af7
left_000380.jpg,9110686e-9241-4260-ab50-18cf4ae4a49f
left_000381.jpg,68996e21-12ab-4183-ab94-d2b0331efb10
left_000382.jpg,f1aa3589-f203-4455-a293-86f392932895
left_000383.jpg,5c6bdd77-0364-48e8-8022-591ca47f076e
left_000384.jpg,e0233424-00dc-4c88-9e76-5741a76d5781
left_000385.jpg,60b9e2bb-87ef-4b1d-923c-f0585a74d0b7
left_000386.jpg,bbbaafbc-3889-4d6f-843b-d58fb94fb07c
left_000387.jpg,9003c31f-6d6f-4ad9-b535-4e5c5698659b
left_000388.jpg,249a4d40-2256-444e-a4d5-68209d8d134d
left_000389.jpg,fd56348b-a8c7-4635-800f-bf5f8c3dd4a0
left_000390.jpg,aa99b035-19c0-4cfb-9c06-a58914422fc5
left_000391.jpg,a6d6607a-edd0-45a9-a9bf-7bac78c1db29
left_000392.jpg,34365bcc-5b2d-4f80-b721-ef7039e64fe8
left_000393.jpg,89d1463d-4e1c-4edd-88a1-19f30914d459
left_000394.jpg,02e5fbda-3d57-4b0a-be41-2b151ac1ff30
left_000395.jpg,83207e09-61eb-4594-80f5-6a452cdd1dcf
left_000396.jpg,7b9a9e8d-86d5-4c6c-8b10-8a129f8a10c4
left_000397.jpg,e1cb11c3-48d4-474d-9881-affe8b0d02d5
left_000398.jpg,db3de022-02a6-455a-8d26-5746c2a79514
left_000399.jpg,fd56348b-a8c7-4635-800f-bf5f8c3dd4a0
left_000400.jpg,310eb8ee-7097-4ea5-b91e-31ce40b9685c
left_000401.jpg,aed03e34-d258-4795-bd37-d63eb4c49802
left_000402.jpg,761abc97-f81c-4a09-823b-7cb1c528c290
left_000403.jpg,4004afe6-b476-475e-867c-8d3b17e378c6
left_000404.jpg,34365bcc-5b2d-4f80-b721-ef7039e64fe8
left_000405.jpg,81725e48-3c1f-4c7c-89d6-334c10234cf9
left_000406.jpg,74d538f0-cb3e-4982-9584-7e0f886b8397
left_000407.jpg,02e5fbda-3d57-4b0a-be41-2b151ac1ff30
left_000408.jpg,eeed33f6-863c-49df-a1e3-1f711738b244
left_000409.jpg,c7fc642b-3a46-4bda-ac76-abcbffdf2260
left_000410.jpg,fee1977a-deac-4eb4-a1ba-5a5f669a9817
left_000411.jpg,7201896a-1323-4e70-b147-4cc6d13b2784
left_000412.jpg,7250d64b-90db-40d5-8db0-db0b74f86cd3
left_000413.jpg,67006b29-4adc-41dc-9b30-39a94363a81a
left_000414.jpg,a5e8a2bf-014f-41eb-b33b-7249b2ea3637
right_000001.jpg,11ae9785-7d82-4bd6-8ce9-e94ed362c23f
right_000002.jpg,83c4c239-d588-4d69-b848-dadb4810487c
right_000003.jpg,e217374d-17e1-4fa2-b4aa-868033edc1ed
right_000004.jpg,10d0c599-86ff-4965-a23b-4cd1c951768c
right_000005.jpg,c1593d0b-5f78-4f62-8304-932d7fbcc9fe
right_000006.jpg,fee1977a-deac-4eb4-a1ba-5a5f669a9817
right_000007.jpg,fd17ea5e-9fc6-4027-9f2f-5d5a5e67d653
right_000008.jpg,ccf6e18f-f6bb-4cd7-8166-31a1a8cce2ce
right_000009.jpg,4004afe6-b476-475e-867c-8d3b17e378c6
right_000010.jpg,b257ec4e-0b36-4e80-85be-b75c8df39b01
right_000011.jpg,fee1977a-deac-4eb4-a1ba-5a5f669a9817
right_000012.jpg,c755133f-a088-47fb-be84-0c36422a9901
right_000013.jpg,ace33278-b65f-43d4-9c12-530e420ddef5
right_000014.jpg,4bb25d71-806b-442d-950b-f137f820a90f
right_000015.jpg,249a4d40-2256-444e-a4d5-68209d8d134d
right_000016.jpg,d3977dfd-d0f9-4318-8ea9-f7c337898633
right_000017.jpg,fa2abd16-8947-4685-9d94-a389233cba74
right_000018.jpg,e217374d-17e1-4fa2-b4aa-868033edc1ed
right_000019.jpg,44af1942-49f4-45ef-aed6-df0ce47d4bc9
right_000020.jpg,49993bd8-5e05-48a1-a8eb-1aa5212aea36
right_000021.jpg,143bf01f-d0f1-4ec9-bedd-ad0aa26e0cc2
right_000022.jpg,bbbaafbc-3889-4d6f-843b-d58fb94fb07c
right_000023.jpg,34365bcc-5b2d-4f80-b721-ef7039e64fe8
right_000024.jpg,c9c4d9d7-11c7-4b16-91f7-f554f081e639
right_000025.jpg,4004afe6-b476-475e-867c-8d3b17e378c6
right_000026.jpg,73ccff66-e431-422c-9c79-3026cb1280a1
right_000027.jpg,bfab3e8b-c8a4-40d7-9a55-ad0e9c744283
right_000028.jpg,2b733eca-99a6-482f-b57f-567970a2e8dd
right_000029.jpg,3a43347c-9ad1-47aa-969b-843ce5a0eac7
right_000030.jpg,bbbaafbc-3889-4d6f-843b-d58fb94fb07c
right_000031.jpg,310eb8ee-7097-4ea5-b91e-31ce40b9685c
right_000032.jpg,83c4c239-d588-4d69-b848-dadb4810487c
right_000033.jpg,21ff4f8a-be18-46de-872c-c10cd153631a
right_000034.jpg,d11e7615-c86e-40f5-bf09-41cc4e39f863
right_000035.jpg,34365bcc-5b2d-4f80-b721-ef7039e64fe8
right_000036.jpg,fd56348b-a8c7-4635-800f-bf5f8c3dd4a0
right_000037.jpg,e146c860-5de6-4870-978b-bb2f35f75d20
right_000038.jpg,45712db8-9da3-4558-bcc9-22d25d842af7
right_000039.jpg,fd56348b-a8c7-4635-800f-bf5f8c3dd4a0
right_000040.jpg,0de12031-f35f-41d5-aced-5ea6ba6e1236
right_000041.jpg,66a99503-a6e9-47cd-b28a-ac543d20f110
right_000042.jpg,1ec97520-1eae-4b9e-9f5c-1f181a8daf3a
right_000043.jpg,18d82d10-7fdf-4306-9fe7-73a7f6152e53
right_000044.jpg,89d1463d-4e1c-4edd-88a1-19f30914d459
right_000045.jpg,fac82e27-beb0-4e8e-bf1f-13a381f0d459
right_000046.jpg,bbbaafbc-3889-4d6f-843b-d58fb94fb07c
right_000047.jpg,763682fe-336a-4e52-b076-e904de642832
right_000048.jpg,5714276c-6415-4eae-980b-1e4b923847b2
right_000049.jpg,fee1977a-deac-4eb4-a1ba-5a5f669a9817
right_000050.jpg,db3de022-02a6-455a-8d26-5746c2a79514
right_000051.jpg,0d234988-cf58-4e62-b45b-4f23b54b1f2a
right_000052.jpg,cd551358-32f0-45dd-8199-029eca63fa81
right_000053.jpg,fee1977a-deac-4eb4-a1ba-5a5f669a9817
right_000054.jpg,7b38f393-27e8-45e1-9769-fa9af9f591f9
right_000055.jpg,fee1977a-deac-4eb4-a1ba-5a5f669a9817
right_000056.jpg,c3835fcb-41e1-4d3a-877c-ca359a7c4e74
right_000057.jpg,02e5fbda-3d57-4b0a-be41-2b151ac1ff30
right_000058.jpg,06569257-d4a3-45a1-af58-688cb9a7bf5a
right_000059.jpg,c7fc642b-3a46-4bda-ac76-abcbffdf2260
right_000060.jpg,cf22e101-9fef-48d5-9b40-a9a143c96a92
right_000061.jpg,310eb8ee-7097-4ea5-b91e-31ce40b9685c
right_000062.jpg,844640ea-498e-4d2e-a578-3783c217fb3c
right_000063.jpg,2c47b308-3b61-45db-b6fd-f1560b32f358
right_000064.jpg,6e8d3aef-1f16-4b06-a5d4-9cf11fd29530
right_000065.jpg,477d721a-6027-42a5-a2d7-94dc7e550fcc
right_000066.jpg,400b4d96-c51c-4184-8f66-7f95319e45f3
right_000067.jpg,f5536888-9190-4314-a13f-7ca19b1f07a9
right_000068.jpg,74d538f0-cb3e-4982-9584-7e0f886b8397
right_000069.jpg,67006b29-4adc-41dc-9b30-39a94363a81a
right_000070.jpg,3c5a76ad-2355-4293-a88a-03d7f6296c65
right_000071.jpg,fee1977a-deac-4eb4-a1ba-5a5f669a9817
right_000072.jpg,34365bcc-5b2d-4f80-b721-ef7039e64fe8
right_000073.jpg,d7cd8e39-12e4-40a8-b2f7-7c24f291d2aa
right_000074.jpg,66f06e87-bcea-487d-b5c6-6e5cbfb52ce4
right_000075.jpg,34365bcc-5b2d-4f80-b721-ef7039e64fe8
right_000076.jpg,d7cd8e39-12e4-40a8-b2f7-7c24f291d2aa
right_000077.jpg,8aa6f9e4-e249-494f-a762-11e847296544
right_000078.jpg,34365bcc-5b2d-4f80-b721-ef7039e64fe8
right_000079.jpg,2c47b308-3b61-45db-b6fd-f1560b32f358
right_000080.jpg,8c5534ba-2153-455d-b8e5-468a1c35b511
right_000081.jpg,bff16f45-9acf-4eac-8d62-52b1fefb9e0f
right_000082.jpg,1ec97520-1eae-4b9e-9f5c-1f181a8daf3a
right_000083.jpg,7802d893-e75c-48c3-b822-8a9704bbbd4d
right_000084.jpg,62087513-88bc-4a3f-8699-cb8db0665501
right_000085.jpg,2c47b308-3b61-45db-b6fd-f1560b32f358
right_000086.jpg,e77d385c-2200-4fa5-b90a-0dea100e69e5
right_000087.jpg,aed03e34-d258-4795-bd37-d63eb4c49802
right_000088.jpg,4004afe6-b476-475e-867c-8d3b17e378c6
right_000089.jpg,8e9cd5f5-095b-4295-8bbc-a3a67cffd935
right_000090.jpg,7b9a9e8d-86d5-4c6c-8b10-8a129f8a10c4
right_000091.jpg,2c47b308-3b61-45db-b6fd-f1560b32f358
right_000092.jpg,4004afe6-b476-475e-867c-8d3b17e378c6
right_000093.jpg,89390731-0ff1-454f-a2ac-8017c49d8da6
right_000094.jpg,fee1977a-deac-4eb4-a1ba-5a5f669a9817
right_000095.jpg,477d721a-6027-42a5-a2d7-94dc7e550fcc
right_000096.jpg,fee1977a-deac-4eb4-a1ba-5a5f669a9817
right_000097.jpg,310eb8ee-7097-4ea5-b91e-31ce40b9685c
right_000098.jpg,8b046377-529a-460d-8114-887322c52cde
right_000099.jpg,bbbaafbc-3889-4d6f-843b-d58fb94fb07c
right_000100.jpg,81725e48-3c1f-4c7c-89d6-334c10234cf9
right_000101.jpg,e217374d-17e1-4fa2-b4aa-868033edc1ed
right_000102.jpg,fdcab2e1-312d-4116-bdef-7bfdfcefe705
right_000103.jpg,7153eda6-946a-4e9d-9c3d-c5c034cbc5e3
right_000104.jpg,e7d7fd1f-5a2d-4073-ac1f-59f6268ba8de
right_000105.jpg,c6241bf0-3991-48e7-862b-052e4c1eef69
right_000106.jpg,f1aa3589-f203-4455-a293-86f392932895
right_000107.jpg,9d4d0203-ff17-4318-bd95-f1871e4aba4b
right_000108.jpg,f1aa3589-f203-4455-a293-86f392932895
right_000109.jpg,4c139246-f943-4f0b-a658-d1a2fac27dc7
right_000110.jpg,a220a462-baa7-4dc0-b011-12c38649674c
right_000111.jpg,02e5fbda-3d57-4b0a-be41-2b151ac1ff30
right_000112.jpg,6e8d3aef-1f16-4b06-a5d4-9cf11fd29530
right_000113.jpg,610a34bf-1456-4efe-b5c7-10c5b588be2e
right_000114.jpg,ecda2205-db0b-4160-a40f-b6825fb43770
right_000115.jpg,c755133f-a088-47fb-be84-0c36422a9901
right_000116.jpg,bff16f45-9acf-4eac-8d62-52b1fefb9e0f
right_000117.jpg,8b7d4bbc-67e2-4588-9156-9748edce3fb5
right_000118.jpg,160e1683-7837-43ea-8ce7-755d101c419c
right_000119.jpg,0a5cd6a9-b021-4725-acca-6d5b257d2e67
right_000120.jpg,74d538f0-cb3e-4982-9584-7e0f886b8397
right_000121.jpg,a06366b7-a0e0-471e-9595-8eb50b6d499f
right_000122.jpg,310eb8ee-7097-4ea5-b91e-31ce40b9685c
right_000123.jpg,310eb8ee-7097-4ea5-b91e-31ce40b9685c
right_000124.jpg,7dd17d2d-1eb3-4ccd-afc3-527226c935e6
right_000125.jpg,7b9a9e8d-86d5-4c6c-8b10-8a129f8a10c4
right_000126.jpg,8b046377-529a-460d-8114-887322c52cde
right_000127.jpg,ecda2205-db0b-4160-a40f-b6825fb43770
right_000128.jpg,2c47b308-3b61-45db-b6fd-f1560b32f358
right_000129.jpg,2db6e83c-f316-45ea-9a60-b1fc2482a2f8
right_000130.jpg,fee1977a-deac-4eb4-a1ba-5a5f669a9817
right_000131.jpg,8d704d6e-76b3-4fef-b7e7-5522bc453d98
right_000132.jpg,d3977dfd-d0f9-4318-8ea9-f7c337898633
right_000133.jpg,ea524367-fb6b-438f-a077-aae1f8fe4b08
right_000134.jpg,4004afe6-b476-475e-867c-8d3b17e378c6
right_000135.jpg,1da24c9f-d62d-48a6-81b9-afbdc5c0e7af
right_000136.jpg,6e8d3aef-1f16-4b06-a5d4-9cf11fd29530
right_000137.jpg,f4a2038b-8da9-451e-ae71-80cb90cb07b3
right_000138.jpg,5714276c-6415-4eae-980b-1e4b923847b2
right_000139.jpg,e3e8dcae-7c7c-4492-812c-313c35c88f51
right_000140.jpg,b07dd6f4-8c65-4c6c-b4eb-a65188e81c2c
right_000141.jpg,981331f5-85cc-41d1-bbf6-6733aa8e2c42
right_000142.jpg,5260c0df-76a3-4cb1-82fc-fd2f6a6440ad
right_000143.jpg,bc95fccf-3431-4dee-b23f-c0a10f19b05c
right_000144.jpg,68996e21-12ab-4183-ab94-d2b0331efb10
right_000145.jpg,1ff8ad98-b860-4de4-ba7d-9c0177c44bab
right_000146.jpg,3a43347c-9ad1-47aa-969b-843ce5a0eac7
right_000147.jpg,fb14f620-2472-467f-a38d-b2d0a2b8081c
right_000148.jpg,4f895a17-6192-4ff1-863a-004837871796
right_000149.jpg,f4a2038b-8da9-451e-ae71-80cb90cb07b3
right_000150.jpg,89d1463d-4e1c-4edd-88a1-19f30914d459
right_000151.jpg,4b3d02b4-f522-464b-ab0e-79e1089c5b57
right_000152.jpg,02f49469-a41a-4829-b9b5-33b9f6f24a88
right_000153.jpg,7a0e8d37-e27f-4378-bab8-7cc37821cd8e
right_000154.jpg,160e1683-7837-43ea-8ce7-755d101c419c
right_000155.jpg,3d7cacfc-f9da-4922-8603-69f8007b2e55
right_000156.jpg,1da24c9f-d62d-48a6-81b9-afbdc5c0e7af
right_000157.jpg,34365bcc-5b2d-4f80-b721-ef7039e64fe8
right_000158.jpg,39e2a478-dfec-4851-be25-af197a3d183f
right_000159.jpg,5260c0df-76a3-4cb1-82fc-fd2f6a6440ad
right_000160.jpg,1b72f52c-12ba-43bb-8b2f-64975becab88
right_000161.jpg,f1aa3589-f203-4455-a293-86f392932895
right_000162.jpg,e7d7fd1f-5a2d-4073-ac1f-59f6268ba8de
right_000163.jpg,4f461caa-6f3a-47c7-8926-050f87f9c8f0
right_000164.jpg,4b3d02b4-f522-464b-ab0e-79e1089c5b57
right_000165.jpg,0469ca59-fa1d-4e41-9885-f797f7b6670b
right_000166.jpg,9aeef74b-58bf-4133-abd3-e611b7ba11f7
right_000167.jpg,c3835fcb-41e1-4d3a-877c-ca359a7c4e74
right_000168.jpg,88db538e-05ee-4e9f-8163-e1bb7e4743fc
right_000169.jpg,74d538f0-cb3e-4982-9584-7e0f886b8397
right_000170.jpg,36fe7f0d-eb06-416e-b9c3-0387b970ccc9
right_000171.jpg,83207e09-61eb-4594-80f5-6a452cdd1dcf
right_000172.jpg,fee1977a-deac-4eb4-a1ba-5a5f669a9817
right_000173.jpg,fb14f620-2472-467f-a38d-b2d0a2b8081c
right_000174.jpg,9110686e-9241-4260-ab50-18cf4ae4a49f
right_000175.jpg,249a4d40-2256-444e-a4d5-68209d8d134d
right_000176.jpg,249a4d40-2256-444e-a4d5-68209d8d134d
right_000177.jpg,34365bcc-5b2d-4f80-b721-ef7039e64fe8
right_000178.jpg,656932aa-cf53-4f70-985b-a388f6c88f69
right_000179.jpg,7250d64b-90db-40d5-8db0-db0b74f86cd3
right_000180.jpg,7b38f393-27e8-45e1-9769-fa9af9f591f9
right_000181.jpg,d9ca2395-17db-4aa9-8749-51a78eba5feb
right_000182.jpg,d0d01842-f151-46dd-85e8-e7f141de39ef
right_000183.jpg,34365bcc-5b2d-4f80-b721-ef7039e64fe8
right_000184.jpg,525405f2-808c-4ab9-9364-f7fd9d076f6b
right_000185.jpg,b0fb2cd7-62b2-46ff-9893-f23def9d9b8f
right_000186.jpg,c755133f-a088-47fb-be84-0c36422a9901
right_000187.jpg,7251cda9-d3d5-4249-baf0-4f4c1480adc9
right_000188.jpg,60a80045-52d9-4d37-abc6-a396254d59f0
right_000189.jpg,bbbaafbc-3889-4d6f-843b-d58fb94fb07c
right_000190.jpg,83c4c239-d588-4d69-b848-dadb4810487c
right_000191.jpg,d395c979-0cc5-456a-bbb3-c71f42849a88
right_000192.jpg,74b049c5-916c-4dad-96f4-d34a63ef6e26
right_000193.jpg,9003c31f-6d6f-4ad9-b535-4e5c5698659b
right_000194.jpg,68996e21-12ab-4183-ab94-d2b0331efb10
right_000195.jpg,f5536888-9190-4314-a13f-7ca19b1f07a9
right_000196.jpg,23784095-dc48-48a0-8326-9340074ab4d1
right_000197.jpg,b422e55f-0afc-4b34-922e-9da329a2f53e
right_000198.jpg,9003c31f-6d6f-4ad9-b535-4e5c5698659b
right_000199.jpg,7145ff09-9841-43c9-8137-9bb3ea90a5b8
right_000200.jpg,fd56348b-a8c7-4635-800f-bf5f8c3dd4a0
right_000201.jpg,1ad6ea04-7e16-4875-aeb8-d088f5ac7325
right_000202.jpg,02e5fbda-3d57-4b0a-be41-2b151ac1ff30
right_000203.jpg,6e8d3aef-1f16-4b06-a5d4-9cf11fd29530
right_000204.jpg,238a48f4-e86d-42d8-a18a-ae526e48f5c4
right_000205.jpg,d68ac804-a792-44c8-af29-a8e80a7848f1
right_000206.jpg,4b3d02b4-f522-464b-ab0e-79e1089c5b57
right_000207.jpg,a06366b7-a0e0-471e-9595-8eb50b6d499f
right_000208.jpg,2c44f7c6-44e5-4d34-9304-7807962aa038
right_000209.jpg,73ccff66-e431-422c-9c79-3026cb1280a1
right_000210.jpg,34365bcc-5b2d-4f80-b721-ef7039e64fe8
right_000211.jpg,56d1a077-635d-4401-a74b-ce92bad46e70
right_000212.jpg,cec93868-770e-44c5-8bbd-097be098f498
right_000213.jpg,3c5a76ad-2355-4293-a88a-03d7f6296c65
right_000214.jpg,1ec97520-1eae-4b9e-9f5c-1f181a8daf3a
right_000215.jpg,e7d7fd1f-5a2d-4073-ac1f-59f6268ba8de
right_000216.jpg,6e8d3aef-1f16-4b06-a5d4-9cf11fd29530
right_000217.jpg,2b13d5a4-831c-4c87-8294-4b0c61541e3b
right_000218.jpg,fd17ea5e-9fc6-4027-9f2f-5d5a5e67d653
right_000219.jpg,b5c37454-cf12-49c5-96c0-aff806c293c2
right_000220.jpg,fb14f620-2472-467f-a38d-b2d0a2b8081c
right_000221.jpg,fa2abd16-8947-4685-9d94-a389233cba74
right_000222.jpg,44af1942-49f4-45ef-aed6-df0ce47d4bc9
right_000223.jpg,238a48f4-e86d-42d8-a18a-ae526e48f5c4
right_000224.jpg,a5f6a30d-faa1-4d73-aebd-5dff073c6191
right_000225.jpg,3be4ffda-e5d4-4ff8-bed2-da0417e3636f
right_000226.jpg,06fed4b8-bd2d-4410-a9b5-84f030997d01
right_000227.jpg,23950465-b1cb-4e7e-a861-b18ce82aac55
right_000228.jpg,7b38f393-27e8-45e1-9769-fa9af9f591f9
right_000229.jpg,4004afe6-b476-475e-867c-8d3b17e378c6
right_000230.jpg,9003c31f-6d6f-4ad9-b535-4e5c5698659b
right_000231.jpg,aed03e34-d258-4795-bd37-d63eb4c49802
right_000232.jpg,10d0c599-86ff-4965-a23b-4cd1c951768c
right_000233.jpg,7251cda9-d3d5-4249-baf0-4f4c1480adc9
right_000234.jpg,5ff6a7d1-4616-4201-a82f-30fad5e933a1
right_000235.jpg,310eb8ee-7097-4ea5-b91e-31ce40b9685c
right_000236.jpg,06fed4b8-bd2d-4410-a9b5-84f030997d01
right_000237.jpg,6e8d3aef-1f16-4b06-a5d4-9cf11fd29530
right_000238.jpg,d8653bff-a5e8-4b3a-bffd-a861abad29bf
right_000239.jpg,7251cda9-d3d5-4249-baf0-4f4c1480adc9
right_000240.jpg,8b046377-529a-460d-8114-887322c52cde
right_000241.jpg,83207e09-61eb-4594-80f5-6a452cdd1dcf
right_000242.jpg,b07dd6f4-8c65-4c6c-b4eb-a65188e81c2c
right_000243.jpg,160e1683-7837-43ea-8ce7-755d101c419c
right_000244.jpg,12a16fc6-0581-4276-9dc4-ffe7d8c13617
right_000245.jpg,e217374d-17e1-4fa2-b4aa-868033edc1ed
right_000246.jpg,844cb3cc-89dc-4609-b33a-3ffc2bb85fd7
right_000247.jpg,49993bd8-5e05-48a1-a8eb-1aa5212aea36
right_000248.jpg,4004afe6-b476-475e-867c-8d3b17e378c6
right_000249.jpg,02e5fbda-3d57-4b0a-be41-2b151ac1ff30
right_000250.jpg,4004afe6-b476-475e-867c-8d3b17e378c6
right_000251.jpg,91be8644-a55d-45bf-9b4e-34c56c607690
right_000252.jpg,b0d09afd-0469-48b6-9718-02f644ba1969
right_000253.jpg,e217374d-17e1-4fa2-b4aa-868033edc1ed
right_000254.jpg,f283fa30-6a63-47e6-82f5-0db96d01feb0
right_000255.jpg,51029c66-ec8d-4601-afb1-6c0164c303b4
right_000256.jpg,45712db8-9da3-4558-bcc9-22d25d842af7
right_000257.jpg,e0233424-00dc-4c88-9e76-5741a76d5781
right_000258.jpg,736ca848-7821-430b-9aaa-f8870e80aec4
right_000259.jpg,fb14f620-2472-467f-a38d-b2d0a2b8081c
right_000260.jpg,d8653bff-a5e8-4b3a-bffd-a861abad29bf
right_000261.jpg,7b38f393-27e8-45e1-9769-fa9af9f591f9
right_000262.jpg,e217374d-17e1-4fa2-b4aa-868033edc1ed
right_000263.jpg,f4a2038b-8da9-451e-ae71-80cb90cb07b3
right_000264.jpg,306f89ef-3312-4218-8c1c-59f94f3fc32c
right_000265.jpg,5714276c-6415-4eae-980b-1e4b923847b2
right_000266.jpg,6e8d3aef-1f16-4b06-a5d4-9cf11fd29530
right_000267.jpg,126523de-9fe0-4630-8fb3-256a723adb4a
right_000268.jpg,2c47b308-3b61-45db-b6fd-f1560b32f358
right_000269.jpg,5fdac45d-b5e7-4133-a8f4-05b28552990c
right_000270.jpg,761abc97-f81c-4a09-823b-7cb1c528c290
right_000271.jpg,ef582f4d-8d4e-4962-aeb4-3fd48824c85f
right_000272.jpg,fee1977a-deac-4eb4-a1ba-5a5f669a9817
right_000273.jpg,bbbaafbc-3889-4d6f-843b-d58fb94fb07c
right_000274.jpg,e3e8dcae-7c7c-4492-812c-313c35c88f51
right_000275.jpg,1848c437-2486-4485-a725-f1db51065599
right_000276.jpg,525405f2-808c-4ab9-9364-f7fd9d076f6b
right_000277.jpg,4004afe6-b476-475e-867c-8d3b17e378c6
right_000278.jpg,aeea8cca-a56f-4662-8f86-3a7f8f7237a0
right_000279.jpg,6e8d3aef-1f16-4b06-a5d4-9cf11fd29530
right_000280.jpg,02e5fbda-3d57-4b0a-be41-2b151ac1ff30
right_000281.jpg,d8ec02f0-6a21-48a8-b2cc-f0005764bc2a
right_000282.jpg,f83057a7-a975-4900-a056-99f453bdf15f
right_000283.jpg,6e8d3aef-1f16-4b06-a5d4-9cf11fd29530
right_000284.jpg,7201896a-1323-4e70-b147-4cc6d13b2784
right_000285.jpg,a6d6607a-edd0-45a9-a9bf-7bac78c1db29
right_000286.jpg,7251cda9-d3d5-4249-baf0-4f4c1480adc9
right_000287.jpg,2c47b308-3b61-45db-b6fd-f1560b32f358
right_000288.jpg,1220f464-0f56-455a-891b-98e895b73bae
right_000289.jpg,fa2abd16-8947-4685-9d94-a389233cba74
right_000290.jpg,248353ce-530e-4dea-97c7-31f6029b2088
right_000291.jpg,6810b958-c4ad-4c34-9590-94b819ff444b
right_000292.jpg,ace33278-b65f-43d4-9c12-530e420ddef5
right_000293.jpg,6e8d3aef-1f16-4b06-a5d4-9cf11fd29530
right_000294.jpg,84040874-ad2a-4c44-9f3d-50d044367062
right_000295.jpg,7b38f393-27e8-45e1-9769-fa9af9f591f9
right_000296.jpg,3be4ffda-e5d4-4ff8-bed2-da0417e3636f
right_000297.jpg,e217374d-17e1-4fa2-b4aa-868033edc1ed
right_000298.jpg,b0fb2cd7-62b2-46ff-9893-f23def9d9b8f
right_000299.jpg,5c6bdd77-0364-48e8-8022-591ca47f076e
right_000300.jpg,c7fc642b-3a46-4bda-ac76-abcbffdf2260
right_000301.jpg,41eef245-4fd5-42e4-9db8-c2076bd902b9
right_000302.jpg,aa99b035-19c0-4cfb-9c06-a58914422fc5
right_000303.jpg,160e1683-7837-43ea-8ce7-755d101c419c
right_000304.jpg,3c5a76ad-2355-4293-a88a-03d7f6296c65
right_000305.jpg,e1cb11c3-48d4-474d-9881-affe8b0d02d5
right_000306.jpg,f5536888-9190-4314-a13f-7ca19b1f07a9
right_000307.jpg,e77d385c-2200-4fa5-b90a-0dea100e69e5
right_000308.jpg,4004afe6-b476-475e-867c-8d3b17e378c6
right_000309.jpg,2f698ae6-cb0a-44e4-b813-ebd2faf0af13
right_000310.jpg,fee1977a-deac-4eb4-a1ba-5a5f669a9817
right_000311.jpg,6e8d3aef-1f16-4b06-a5d4-9cf11fd29530
right_000312.jpg,238a48f4-e86d-42d8-a18a-ae526e48f5c4
right_000313.jpg,2c47b308-3b61-45db-b6fd-f1560b32f358
right_000314.jpg,238a48f4-e86d-42d8-a18a-ae526e48f5c4
right_000315.jpg,8b046377-529a-460d-8114-887322c52cde
right_000316.jpg,a6eae8cd-910e-44a2-a5f4-4766b66fc7b2
right_000317.jpg,81725e48-3c1f-4c7c-89d6-334c10234cf9
right_000318.jpg,08626c7e-f14d-4a22-8b38-f8474c0196de
right_000319.jpg,7153eda6-946a-4e9d-9c3d-c5c034cbc5e3
right_000320.jpg,204b687d-7113-4c69-95a9-6d40ef0e59e8
right_000321.jpg,4004afe6-b476-475e-867c-8d3b17e378c6
right_000322.jpg,238a48f4-e86d-42d8-a18a-ae526e48f5c4
right_000323.jpg,fee1977a-deac-4eb4-a1ba-5a5f669a9817
right_000324.jpg,306f89ef-3312-4218-8c1c-59f94f3fc32c
right_000325.jpg,bbbaafbc-3889-4d6f-843b-d58fb94fb07c
right_000326.jpg,20e1204f-ae7b-4297-b578-ef07ac24829a
right_000327.jpg,c7fc642b-3a46-4bda-ac76-abcbffdf2260
right_000328.jpg,eeed33f6-863c-49df-a1e3-1f711738b244
right_000329.jpg,5fdac45d-b5e7-4133-a8f4-05b28552990c
right_000330.jpg,992f8369-b55b-43c6-b0ce-a9a51a54320c
right_000331.jpg,68996e21-12ab-4183-ab94-d2b0331efb10
right_000332.jpg,3c5a76ad-2355-4293-a88a-03d7f6296c65
right_000333.jpg,0b85b8c4-5ea9-46bd-8ba2-86ee385b1eb3
right_000334.jpg,e217374d-17e1-4fa2-b4aa-868033edc1ed
right_000335.jpg,b8f52f8c-3f36-4970-8813-0093fedc6081
right_000336.jpg,7201896a-1323-4e70-b147-4cc6d13b2784
right_000337.jpg,5c6bdd77-0364-48e8-8022-591ca47f076e
right_000338.jpg,8b530229-7b7d-4744-a09d-d489933fc659
right_000339.jpg,4004afe6-b476-475e-867c-8d3b17e378c6
right_000340.jpg,79dafc01-fa64-4db3-b3b6-ed5236ed6a68
right_000341.jpg,e77d385c-2200-4fa5-b90a-0dea100e69e5
right_000342.jpg,85527fa6-6c14-45eb-91eb-32106f41f728
right_000343.jpg,fee1977a-deac-4eb4-a1ba-5a5f669a9817
right_000344.jpg,ed4a92c6-3d4e-40e0-b055-3175620123c1
right_000345.jpg,4004afe6-b476-475e-867c-8d3b17e378c6
right_000346.jpg,12a16fc6-0581-4276-9dc4-ffe7d8c13617
right_000347.jpg,2f698ae6-cb0a-44e4-b813-ebd2faf0af13
right_000348.jpg,2c47b308-3b61-45db-b6fd-f1560b32f358
right_000349.jpg,fa2abd16-8947-4685-9d94-a389233cba74
right_000350.jpg,0965523b-f66a-4413-99b4-c7483c3cfd27
right_000351.jpg,7f9b060d-6457-4c82-bd00-37dfaec1d1d0
right_000352.jpg,20c4e967-97c4-4546-b7ca-6b57b6f4c19a
right_000353.jpg,34365bcc-5b2d-4f80-b721-ef7039e64fe8
right_000354.jpg,3772d75f-1801-4307-a18f-5fbcc1c10897
right_000355.jpg,8e52a7f7-8046-4567-b92a-e5941b184745
right_000356.jpg,e217374d-17e1-4fa2-b4aa-868033edc1ed
right_000357.jpg,280baaed-937b-4984-b7af-3ab6cefd61f9
right_000358.jpg,5714276c-6415-4eae-980b-1e4b923847b2
right_000359.jpg,61f3efff-c86f-48ed-8b36-0dec4078b231
right_000360.jpg,4004afe6-b476-475e-867c-8d3b17e378c6
right_000361.jpg,ddda7c68-86ac-4448-9795-e1cc33d704bc
right_000362.jpg,252b0d87-abfc-4622-b3b6-2c815900026f
right_000363.jpg,34365bcc-5b2d-4f80-b721-ef7039e64fe8
right_000364.jpg,8e9cd5f5-095b-4295-8bbc-a3a67cffd935
right_000365.jpg,20c4e967-97c4-4546-b7ca-6b57b6f4c19a
right_000366.jpg,2434dcf2-9360-46ae-b7be-96de59209f91
right_000367.jpg,cefe7503-7a7b-4573-b0a1-465cb3580565
right_000368.jpg,5260c0df-76a3-4cb1-82fc-fd2f6a6440ad
right_000369.jpg,b422e55f-0afc-4b34-922e-9da329a2f53e
right_000370.jpg,5714276c-6415-4eae-980b-1e4b923847b2
right_000371.jpg,f0981810-e7ce-4e48-b699-c17fbbca7f3c
right_000372.jpg,310eb8ee-7097-4ea5-b91e-31ce40b9685c
right_000373.jpg,2c47b308-3b61-45db-b6fd-f1560b32f358
right_000374.jpg,d548ac7d-62f0-48cb-a8eb-4b7e0a5191b4
right_000375.jpg,736ca848-7821-430b-9aaa-f8870e80aec4
right_000376.jpg,faf75b6e-88a9-4213-ad92-b3c8d1accdfc
right_000377.jpg,6a1fc5e8-c077-41c4-9c3b-ff5d0b0364a2
right_000378.jpg,fb14f620-2472-467f-a38d-b2d0a2b8081c
right_000379.jpg,992f8369-b55b-43c6-b0ce-a9a51a54320c
right_000380.jpg,a06366b7-a0e0-471e-9595-8eb50b6d499f
right_000381.jpg,5b3f1cd0-8656-4803-b85a-ac405603f434
right_000382.jpg,a06366b7-a0e0-471e-9595-8eb50b6d499f
right_000383.jpg,2db6e83c-f316-45ea-9a60-b1fc2482a2f8
right_000384.jpg,bb7b8783-ecf2-466b-956a-b07381a49e31
right_000385.jpg,3c5a76ad-2355-4293-a88a-03d7f6296c65
right_000386.jpg,a7288960-d2a0-41fe-9617-3c45ee3fb409
right_000387.jpg,73f670e9-5ee3-49f3-8db2-3ea557a428b8
right_000388.jpg,7201896a-1323-4e70-b147-4cc6d13b2784
right_000389.jpg,7153eda6-946a-4e9d-9c3d-c5c034cbc5e3
right_000390.jpg,48a2a80a-436d-4af1-b67a-8084c52f60d4
right_000391.jpg,08626c7e-f14d-4a22-8b38-f8474c0196de
right_000392.jpg,4004afe6-b476-475e-867c-8d3b17e378c6
right_000393.jpg,143bf01f-d0f1-4ec9-bedd-ad0aa26e0cc2
right_000394.jpg,02e5fbda-3d57-4b0a-be41-2b151ac1ff30
right_000395.jpg,c273c534-7efa-4da8-bdba-6fdb44d92fed
right_000396.jpg,970a8e69-2ce2-4515-bb96-de91d7afcb00
right_000397.jpg,fe44d727-75e4-4452-9428-95a5f3c7ea73
right_000398.jpg,7a2a6f84-a929-4b78-999b-a299daa575da
right_000399.jpg,1c6b6027-329e-4703-9580-bbf1e8a08647
right_000400.jpg,c755133f-a088-47fb-be84-0c36422a9901
right_000401.jpg,b734856c-cfc6-4b40-abff-48e7b29496c6
right_000402.jpg,02e5fbda-3d57-4b0a-be41-2b151ac1ff30
right_000403.jpg,9aeef74b-58bf-4133-abd3-e611b7ba11f7
right_000404.jpg,74d538f0-cb3e-4982-9584-7e0f886b8397
right_000405.jpg,fb14f620-2472-467f-a38d-b2d0a2b8081c
right_000406.jpg,8c755bf5-a137-4d36-b924-def3665fc42e
right_000407.jpg,6e8d3aef-1f16-4b06-a5d4-9cf11fd29530
right_000408.jpg,9110686e-9241-4260-ab50-18cf4ae4a49f
right_000409.jpg,5714276c-6415-4eae-980b-1e4b923847b2
right_000410.jpg,ebe55d08-674f-417a-a8f6-c776dca6ee8c
right_000411.jpg,96229e46-d462-4f06-a46b-8661b61fb0ec
right_000412.jpg,08626c7e-f14d-4a22-8b38-f8474c0196de
right_000413.jpg,c5c66d36-d1a6-412e-8289-0b5d8b275be9
right_000414.jpg,143bf01f-d0f1-4ec9-bedd-ad0aa26e0cc2
right_000415.jpg,aed03e34-d258-4795-bd37-d63eb4c49802
right_000416.jpg,8c3be170-b41e-411e-9940-1f5960cfa850
right_000417.jpg,34365bcc-5b2d-4f80-b721-ef7039e64fe8
right_000418.jpg,761abc97-f81c-4a09-823b-7cb1c528c290
right_000419.jpg,60b9e2bb-87ef-4b1d-923c-f0585a74d0b7
right_000420.jpg,7201896a-1323-4e70-b147-4cc6d13b2784
right_000421.jpg,7b9a9e8d-86d5-4c6c-8b10-8a129f8a10c4
right_000422.jpg,42779875-0894-4e77-99f4-da82f72a17fa
right_000423.jpg,1ec97520-1eae-4b9e-9f5c-1f181a8daf3a
right_000424.jpg,b38b7f3d-5275-467d-a9fa-7a66af3d5b3e
right_000425.jpg,280baaed-937b-4984-b7af-3ab6cefd61f9
right_000426.jpg,34365bcc-5b2d-4f80-b721-ef7039e64fe8
right_000427.jpg,bfa8b15b-15b7-4f41-b44e-fdec1e1bb74c
right_000428.jpg,b4f217b9-8188-4f1e-a9a6-a1e67e809c8a
right_000429.jpg,02e5fbda-3d57-4b0a-be41-2b151ac1ff30
